css_class,asset_id,category_id,category_slug,category_name
wafo-asset--00-wafo_core-001,wafo-00-wafo_core-001,00,wafo_core,WAFO Core 核心風格測試
wafo-asset--00-wafo_core-002,wafo-00-wafo_core-002,00,wafo_core,WAFO Core 核心風格測試
wafo-asset--00-wafo_core-003,wafo-00-wafo_core-003,00,wafo_core,WAFO Core 核心風格測試
wafo-asset--00-wafo_core-004,wafo-00-wafo_core-004,00,wafo_core,WAFO Core 核心風格測試
wafo-asset--00-wafo_core-005,wafo-00-wafo_core-005,00,wafo_core,WAFO Core 核心風格測試
wafo-asset--00-wafo_core-006,wafo-00-wafo_core-006,00,wafo_core,WAFO Core 核心風格測試
wafo-asset--00-wafo_core-007,wafo-00-wafo_core-007,00,wafo_core,WAFO Core 核心風格測試
wafo-asset--00-wafo_core-008,wafo-00-wafo_core-008,00,wafo_core,WAFO Core 核心風格測試
wafo-asset--00-wafo_core-009,wafo-00-wafo_core-009,00,wafo_core,WAFO Core 核心風格測試
wafo-asset--00-wafo_core-010,wafo-00-wafo_core-010,00,wafo_core,WAFO Core 核心風格測試
wafo-asset--00-wafo_core-011,wafo-00-wafo_core-011,00,wafo_core,WAFO Core 核心風格測試
wafo-asset--00-wafo_core-012,wafo-00-wafo_core-012,00,wafo_core,WAFO Core 核心風格測試
wafo-asset--00-wafo_core-013,wafo-00-wafo_core-013,00,wafo_core,WAFO Core 核心風格測試
wafo-asset--00-wafo_core-014,wafo-00-wafo_core-014,00,wafo_core,WAFO Core 核心風格測試
wafo-asset--00-wafo_core-015,wafo-00-wafo_core-015,00,wafo_core,WAFO Core 核心風格測試
wafo-asset--00-wafo_core-016,wafo-00-wafo_core-016,00,wafo_core,WAFO Core 核心風格測試
wafo-asset--00-wafo_core-017,wafo-00-wafo_core-017,00,wafo_core,WAFO Core 核心風格測試
wafo-asset--00-wafo_core-018,wafo-00-wafo_core-018,00,wafo_core,WAFO Core 核心風格測試
wafo-asset--00-wafo_core-019,wafo-00-wafo_core-019,00,wafo_core,WAFO Core 核心風格測試
wafo-asset--00-wafo_core-020,wafo-00-wafo_core-020,00,wafo_core,WAFO Core 核心風格測試
wafo-asset--00-wafo_core-021,wafo-00-wafo_core-021,00,wafo_core,WAFO Core 核心風格測試
wafo-asset--00-wafo_core-022,wafo-00-wafo_core-022,00,wafo_core,WAFO Core 核心風格測試
wafo-asset--00-wafo_core-023,wafo-00-wafo_core-023,00,wafo_core,WAFO Core 核心風格測試
wafo-asset--00-wafo_core-024,wafo-00-wafo_core-024,00,wafo_core,WAFO Core 核心風格測試
wafo-asset--01-yantra-001,wafo-01-yantra-001,01,yantra,Yantra 法刺符咒
wafo-asset--01-yantra-002,wafo-01-yantra-002,01,yantra,Yantra 法刺符咒
wafo-asset--01-yantra-003,wafo-01-yantra-003,01,yantra,Yantra 法刺符咒
wafo-asset--01-yantra-004,wafo-01-yantra-004,01,yantra,Yantra 法刺符咒
wafo-asset--01-yantra-005,wafo-01-yantra-005,01,yantra,Yantra 法刺符咒
wafo-asset--01-yantra-006,wafo-01-yantra-006,01,yantra,Yantra 法刺符咒
wafo-asset--01-yantra-007,wafo-01-yantra-007,01,yantra,Yantra 法刺符咒
wafo-asset--01-yantra-008,wafo-01-yantra-008,01,yantra,Yantra 法刺符咒
wafo-asset--01-yantra-009,wafo-01-yantra-009,01,yantra,Yantra 法刺符咒
wafo-asset--01-yantra-010,wafo-01-yantra-010,01,yantra,Yantra 法刺符咒
wafo-asset--01-yantra-011,wafo-01-yantra-011,01,yantra,Yantra 法刺符咒
wafo-asset--02-deity_guardian-001,wafo-02-deity_guardian-001,02,deity_guardian,Deity Guardian 天神護法神獸
wafo-asset--02-deity_guardian-002,wafo-02-deity_guardian-002,02,deity_guardian,Deity Guardian 天神護法神獸
wafo-asset--02-deity_guardian-003,wafo-02-deity_guardian-003,02,deity_guardian,Deity Guardian 天神護法神獸
wafo-asset--02-deity_guardian-004,wafo-02-deity_guardian-004,02,deity_guardian,Deity Guardian 天神護法神獸
wafo-asset--02-deity_guardian-005,wafo-02-deity_guardian-005,02,deity_guardian,Deity Guardian 天神護法神獸
wafo-asset--02-deity_guardian-006,wafo-02-deity_guardian-006,02,deity_guardian,Deity Guardian 天神護法神獸
wafo-asset--02-deity_guardian-007,wafo-02-deity_guardian-007,02,deity_guardian,Deity Guardian 天神護法神獸
wafo-asset--02-deity_guardian-008,wafo-02-deity_guardian-008,02,deity_guardian,Deity Guardian 天神護法神獸
wafo-asset--02-deity_guardian-009,wafo-02-deity_guardian-009,02,deity_guardian,Deity Guardian 天神護法神獸
wafo-asset--02-deity_guardian-010,wafo-02-deity_guardian-010,02,deity_guardian,Deity Guardian 天神護法神獸
wafo-asset--02-deity_guardian-011,wafo-02-deity_guardian-011,02,deity_guardian,Deity Guardian 天神護法神獸
wafo-asset--02-deity_guardian-012,wafo-02-deity_guardian-012,02,deity_guardian,Deity Guardian 天神護法神獸
wafo-asset--02-deity_guardian-013,wafo-02-deity_guardian-013,02,deity_guardian,Deity Guardian 天神護法神獸
wafo-asset--02-deity_guardian-014,wafo-02-deity_guardian-014,02,deity_guardian,Deity Guardian 天神護法神獸
wafo-asset--02-deity_guardian-015,wafo-02-deity_guardian-015,02,deity_guardian,Deity Guardian 天神護法神獸
wafo-asset--02-deity_guardian-016,wafo-02-deity_guardian-016,02,deity_guardian,Deity Guardian 天神護法神獸
wafo-asset--02-deity_guardian-017,wafo-02-deity_guardian-017,02,deity_guardian,Deity Guardian 天神護法神獸
wafo-asset--02-deity_guardian-018,wafo-02-deity_guardian-018,02,deity_guardian,Deity Guardian 天神護法神獸
wafo-asset--02-deity_guardian-019,wafo-02-deity_guardian-019,02,deity_guardian,Deity Guardian 天神護法神獸
wafo-asset--02-deity_guardian-020,wafo-02-deity_guardian-020,02,deity_guardian,Deity Guardian 天神護法神獸
wafo-asset--02-deity_guardian-021,wafo-02-deity_guardian-021,02,deity_guardian,Deity Guardian 天神護法神獸
wafo-asset--02-deity_guardian-022,wafo-02-deity_guardian-022,02,deity_guardian,Deity Guardian 天神護法神獸
wafo-asset--02-deity_guardian-023,wafo-02-deity_guardian-023,02,deity_guardian,Deity Guardian 天神護法神獸
wafo-asset--02-deity_guardian-024,wafo-02-deity_guardian-024,02,deity_guardian,Deity Guardian 天神護法神獸
wafo-asset--02-deity_guardian-025,wafo-02-deity_guardian-025,02,deity_guardian,Deity Guardian 天神護法神獸
wafo-asset--02-deity_guardian-026,wafo-02-deity_guardian-026,02,deity_guardian,Deity Guardian 天神護法神獸
wafo-asset--03-amulet_type-001,wafo-03-amulet_type-001,03,amulet_type,Amulet Type 聖物佛牌類型
wafo-asset--03-amulet_type-002,wafo-03-amulet_type-002,03,amulet_type,Amulet Type 聖物佛牌類型
wafo-asset--03-amulet_type-003,wafo-03-amulet_type-003,03,amulet_type,Amulet Type 聖物佛牌類型
wafo-asset--03-amulet_type-004,wafo-03-amulet_type-004,03,amulet_type,Amulet Type 聖物佛牌類型
wafo-asset--03-amulet_type-005,wafo-03-amulet_type-005,03,amulet_type,Amulet Type 聖物佛牌類型
wafo-asset--03-amulet_type-006,wafo-03-amulet_type-006,03,amulet_type,Amulet Type 聖物佛牌類型
wafo-asset--03-amulet_type-007,wafo-03-amulet_type-007,03,amulet_type,Amulet Type 聖物佛牌類型
wafo-asset--03-amulet_type-008,wafo-03-amulet_type-008,03,amulet_type,Amulet Type 聖物佛牌類型
wafo-asset--03-amulet_type-009,wafo-03-amulet_type-009,03,amulet_type,Amulet Type 聖物佛牌類型
wafo-asset--03-amulet_type-010,wafo-03-amulet_type-010,03,amulet_type,Amulet Type 聖物佛牌類型
wafo-asset--03-amulet_type-011,wafo-03-amulet_type-011,03,amulet_type,Amulet Type 聖物佛牌類型
wafo-asset--03-amulet_type-012,wafo-03-amulet_type-012,03,amulet_type,Amulet Type 聖物佛牌類型
wafo-asset--03-amulet_type-013,wafo-03-amulet_type-013,03,amulet_type,Amulet Type 聖物佛牌類型
wafo-asset--03-amulet_type-014,wafo-03-amulet_type-014,03,amulet_type,Amulet Type 聖物佛牌類型
wafo-asset--03-amulet_type-015,wafo-03-amulet_type-015,03,amulet_type,Amulet Type 聖物佛牌類型
wafo-asset--03-amulet_type-016,wafo-03-amulet_type-016,03,amulet_type,Amulet Type 聖物佛牌類型
wafo-asset--03-amulet_type-017,wafo-03-amulet_type-017,03,amulet_type,Amulet Type 聖物佛牌類型
wafo-asset--03-amulet_type-018,wafo-03-amulet_type-018,03,amulet_type,Amulet Type 聖物佛牌類型
wafo-asset--04-thai_culture-001,wafo-04-thai_culture-001,04,thai_culture,Thai Culture 泰國文化符號
wafo-asset--04-thai_culture-002,wafo-04-thai_culture-002,04,thai_culture,Thai Culture 泰國文化符號
wafo-asset--04-thai_culture-003,wafo-04-thai_culture-003,04,thai_culture,Thai Culture 泰國文化符號
wafo-asset--05-wish_guide-001,wafo-05-wish_guide-001,05,wish_guide,Wish Guide 需求導購願望方向
wafo-asset--05-wish_guide-002,wafo-05-wish_guide-002,05,wish_guide,Wish Guide 需求導購願望方向
wafo-asset--05-wish_guide-003,wafo-05-wish_guide-003,05,wish_guide,Wish Guide 需求導購願望方向
wafo-asset--05-wish_guide-004,wafo-05-wish_guide-004,05,wish_guide,Wish Guide 需求導購願望方向
wafo-asset--05-wish_guide-005,wafo-05-wish_guide-005,05,wish_guide,Wish Guide 需求導購願望方向
wafo-asset--05-wish_guide-006,wafo-05-wish_guide-006,05,wish_guide,Wish Guide 需求導購願望方向
wafo-asset--05-wish_guide-007,wafo-05-wish_guide-007,05,wish_guide,Wish Guide 需求導購願望方向
wafo-asset--05-wish_guide-008,wafo-05-wish_guide-008,05,wish_guide,Wish Guide 需求導購願望方向
wafo-asset--05-wish_guide-009,wafo-05-wish_guide-009,05,wish_guide,Wish Guide 需求導購願望方向
wafo-asset--05-wish_guide-010,wafo-05-wish_guide-010,05,wish_guide,Wish Guide 需求導購願望方向
wafo-asset--05-wish_guide-011,wafo-05-wish_guide-011,05,wish_guide,Wish Guide 需求導購願望方向
wafo-asset--05-wish_guide-012,wafo-05-wish_guide-012,05,wish_guide,Wish Guide 需求導購願望方向
wafo-asset--05-wish_guide-013,wafo-05-wish_guide-013,05,wish_guide,Wish Guide 需求導購願望方向
wafo-asset--05-wish_guide-014,wafo-05-wish_guide-014,05,wish_guide,Wish Guide 需求導購願望方向
wafo-asset--05-wish_guide-015,wafo-05-wish_guide-015,05,wish_guide,Wish Guide 需求導購願望方向
wafo-asset--05-wish_guide-016,wafo-05-wish_guide-016,05,wish_guide,Wish Guide 需求導購願望方向
wafo-asset--05-wish_guide-017,wafo-05-wish_guide-017,05,wish_guide,Wish Guide 需求導購願望方向
wafo-asset--05-wish_guide-018,wafo-05-wish_guide-018,05,wish_guide,Wish Guide 需求導購願望方向
wafo-asset--05-wish_guide-019,wafo-05-wish_guide-019,05,wish_guide,Wish Guide 需求導購願望方向
wafo-asset--05-wish_guide-020,wafo-05-wish_guide-020,05,wish_guide,Wish Guide 需求導購願望方向
wafo-asset--05-wish_guide-021,wafo-05-wish_guide-021,05,wish_guide,Wish Guide 需求導購願望方向
wafo-asset--05-wish_guide-022,wafo-05-wish_guide-022,05,wish_guide,Wish Guide 需求導購願望方向
wafo-asset--05-wish_guide-023,wafo-05-wish_guide-023,05,wish_guide,Wish Guide 需求導購願望方向
wafo-asset--05-wish_guide-024,wafo-05-wish_guide-024,05,wish_guide,Wish Guide 需求導購願望方向
wafo-asset--05-wish_guide-025,wafo-05-wish_guide-025,05,wish_guide,Wish Guide 需求導購願望方向
wafo-asset--06-trust_source-001,wafo-06-trust_source-001,06,trust_source,Trust Source 品牌信任來源保證
wafo-asset--06-trust_source-002,wafo-06-trust_source-002,06,trust_source,Trust Source 品牌信任來源保證
wafo-asset--06-trust_source-003,wafo-06-trust_source-003,06,trust_source,Trust Source 品牌信任來源保證
wafo-asset--06-trust_source-004,wafo-06-trust_source-004,06,trust_source,Trust Source 品牌信任來源保證
wafo-asset--06-trust_source-005,wafo-06-trust_source-005,06,trust_source,Trust Source 品牌信任來源保證
wafo-asset--06-trust_source-006,wafo-06-trust_source-006,06,trust_source,Trust Source 品牌信任來源保證
wafo-asset--06-trust_source-007,wafo-06-trust_source-007,06,trust_source,Trust Source 品牌信任來源保證
wafo-asset--06-trust_source-008,wafo-06-trust_source-008,06,trust_source,Trust Source 品牌信任來源保證
wafo-asset--06-trust_source-009,wafo-06-trust_source-009,06,trust_source,Trust Source 品牌信任來源保證
wafo-asset--06-trust_source-010,wafo-06-trust_source-010,06,trust_source,Trust Source 品牌信任來源保證
wafo-asset--06-trust_source-011,wafo-06-trust_source-011,06,trust_source,Trust Source 品牌信任來源保證
wafo-asset--06-trust_source-012,wafo-06-trust_source-012,06,trust_source,Trust Source 品牌信任來源保證
wafo-asset--06-trust_source-013,wafo-06-trust_source-013,06,trust_source,Trust Source 品牌信任來源保證
wafo-asset--07-blog_knowledge-001,wafo-07-blog_knowledge-001,07,blog_knowledge,Blog Knowledge BLOG知識庫圖標
wafo-asset--07-blog_knowledge-002,wafo-07-blog_knowledge-002,07,blog_knowledge,Blog Knowledge BLOG知識庫圖標
wafo-asset--07-blog_knowledge-003,wafo-07-blog_knowledge-003,07,blog_knowledge,Blog Knowledge BLOG知識庫圖標
wafo-asset--07-blog_knowledge-004,wafo-07-blog_knowledge-004,07,blog_knowledge,Blog Knowledge BLOG知識庫圖標
wafo-asset--07-blog_knowledge-005,wafo-07-blog_knowledge-005,07,blog_knowledge,Blog Knowledge BLOG知識庫圖標
wafo-asset--07-blog_knowledge-006,wafo-07-blog_knowledge-006,07,blog_knowledge,Blog Knowledge BLOG知識庫圖標
wafo-asset--07-blog_knowledge-007,wafo-07-blog_knowledge-007,07,blog_knowledge,Blog Knowledge BLOG知識庫圖標
wafo-asset--07-blog_knowledge-008,wafo-07-blog_knowledge-008,07,blog_knowledge,Blog Knowledge BLOG知識庫圖標
wafo-asset--07-blog_knowledge-009,wafo-07-blog_knowledge-009,07,blog_knowledge,Blog Knowledge BLOG知識庫圖標
wafo-asset--08-thai_ornament-001,wafo-08-thai_ornament-001,08,thai_ornament,Thai Ornament 傳統泰式紋樣
wafo-asset--08-thai_ornament-002,wafo-08-thai_ornament-002,08,thai_ornament,Thai Ornament 傳統泰式紋樣
wafo-asset--08-thai_ornament-003,wafo-08-thai_ornament-003,08,thai_ornament,Thai Ornament 傳統泰式紋樣
wafo-asset--08-thai_ornament-004,wafo-08-thai_ornament-004,08,thai_ornament,Thai Ornament 傳統泰式紋樣
wafo-asset--08-thai_ornament-005,wafo-08-thai_ornament-005,08,thai_ornament,Thai Ornament 傳統泰式紋樣
wafo-asset--08-thai_ornament-006,wafo-08-thai_ornament-006,08,thai_ornament,Thai Ornament 傳統泰式紋樣
wafo-asset--08-thai_ornament-007,wafo-08-thai_ornament-007,08,thai_ornament,Thai Ornament 傳統泰式紋樣
wafo-asset--08-thai_ornament-008,wafo-08-thai_ornament-008,08,thai_ornament,Thai Ornament 傳統泰式紋樣
wafo-asset--08-thai_ornament-009,wafo-08-thai_ornament-009,08,thai_ornament,Thai Ornament 傳統泰式紋樣
wafo-asset--08-thai_ornament-010,wafo-08-thai_ornament-010,08,thai_ornament,Thai Ornament 傳統泰式紋樣
wafo-asset--08-thai_ornament-011,wafo-08-thai_ornament-011,08,thai_ornament,Thai Ornament 傳統泰式紋樣
wafo-asset--08-thai_ornament-012,wafo-08-thai_ornament-012,08,thai_ornament,Thai Ornament 傳統泰式紋樣
wafo-asset--08-thai_ornament-013,wafo-08-thai_ornament-013,08,thai_ornament,Thai Ornament 傳統泰式紋樣
wafo-asset--08-thai_ornament-014,wafo-08-thai_ornament-014,08,thai_ornament,Thai Ornament 傳統泰式紋樣
wafo-asset--08-thai_ornament-015,wafo-08-thai_ornament-015,08,thai_ornament,Thai Ornament 傳統泰式紋樣
wafo-asset--08-thai_ornament-016,wafo-08-thai_ornament-016,08,thai_ornament,Thai Ornament 傳統泰式紋樣
wafo-asset--08-thai_ornament-017,wafo-08-thai_ornament-017,08,thai_ornament,Thai Ornament 傳統泰式紋樣
wafo-asset--08-thai_ornament-018,wafo-08-thai_ornament-018,08,thai_ornament,Thai Ornament 傳統泰式紋樣
wafo-asset--08-thai_ornament-019,wafo-08-thai_ornament-019,08,thai_ornament,Thai Ornament 傳統泰式紋樣
wafo-asset--08-thai_ornament-020,wafo-08-thai_ornament-020,08,thai_ornament,Thai Ornament 傳統泰式紋樣
wafo-asset--08-thai_ornament-021,wafo-08-thai_ornament-021,08,thai_ornament,Thai Ornament 傳統泰式紋樣
wafo-asset--08-thai_ornament-022,wafo-08-thai_ornament-022,08,thai_ornament,Thai Ornament 傳統泰式紋樣
wafo-asset--08-thai_ornament-023,wafo-08-thai_ornament-023,08,thai_ornament,Thai Ornament 傳統泰式紋樣
wafo-asset--08-thai_ornament-024,wafo-08-thai_ornament-024,08,thai_ornament,Thai Ornament 傳統泰式紋樣
wafo-asset--08-thai_ornament-025,wafo-08-thai_ornament-025,08,thai_ornament,Thai Ornament 傳統泰式紋樣
wafo-asset--08-thai_ornament-026,wafo-08-thai_ornament-026,08,thai_ornament,Thai Ornament 傳統泰式紋樣
wafo-asset--08-thai_ornament-027,wafo-08-thai_ornament-027,08,thai_ornament,Thai Ornament 傳統泰式紋樣
wafo-asset--08-thai_ornament-028,wafo-08-thai_ornament-028,08,thai_ornament,Thai Ornament 傳統泰式紋樣
wafo-asset--08-thai_ornament-029,wafo-08-thai_ornament-029,08,thai_ornament,Thai Ornament 傳統泰式紋樣
wafo-asset--08-thai_ornament-030,wafo-08-thai_ornament-030,08,thai_ornament,Thai Ornament 傳統泰式紋樣
wafo-asset--08-thai_ornament-031,wafo-08-thai_ornament-031,08,thai_ornament,Thai Ornament 傳統泰式紋樣
wafo-asset--08-thai_ornament-032,wafo-08-thai_ornament-032,08,thai_ornament,Thai Ornament 傳統泰式紋樣
wafo-asset--08-thai_ornament-033,wafo-08-thai_ornament-033,08,thai_ornament,Thai Ornament 傳統泰式紋樣
wafo-asset--08-thai_ornament-034,wafo-08-thai_ornament-034,08,thai_ornament,Thai Ornament 傳統泰式紋樣
wafo-asset--08-thai_ornament-035,wafo-08-thai_ornament-035,08,thai_ornament,Thai Ornament 傳統泰式紋樣
wafo-asset--08-thai_ornament-036,wafo-08-thai_ornament-036,08,thai_ornament,Thai Ornament 傳統泰式紋樣
wafo-asset--08-thai_ornament-037,wafo-08-thai_ornament-037,08,thai_ornament,Thai Ornament 傳統泰式紋樣
wafo-asset--08-thai_ornament-038,wafo-08-thai_ornament-038,08,thai_ornament,Thai Ornament 傳統泰式紋樣
wafo-asset--08-thai_ornament-039,wafo-08-thai_ornament-039,08,thai_ornament,Thai Ornament 傳統泰式紋樣
wafo-asset--08-thai_ornament-040,wafo-08-thai_ornament-040,08,thai_ornament,Thai Ornament 傳統泰式紋樣
wafo-asset--08-thai_ornament-041,wafo-08-thai_ornament-041,08,thai_ornament,Thai Ornament 傳統泰式紋樣
wafo-asset--08-thai_ornament-042,wafo-08-thai_ornament-042,08,thai_ornament,Thai Ornament 傳統泰式紋樣
wafo-asset--08-thai_ornament-043,wafo-08-thai_ornament-043,08,thai_ornament,Thai Ornament 傳統泰式紋樣
wafo-asset--08-thai_ornament-044,wafo-08-thai_ornament-044,08,thai_ornament,Thai Ornament 傳統泰式紋樣
wafo-asset--08-thai_ornament-045,wafo-08-thai_ornament-045,08,thai_ornament,Thai Ornament 傳統泰式紋樣
wafo-asset--08-thai_ornament-046,wafo-08-thai_ornament-046,08,thai_ornament,Thai Ornament 傳統泰式紋樣
wafo-asset--08-thai_ornament-047,wafo-08-thai_ornament-047,08,thai_ornament,Thai Ornament 傳統泰式紋樣
wafo-asset--08-thai_ornament-048,wafo-08-thai_ornament-048,08,thai_ornament,Thai Ornament 傳統泰式紋樣
wafo-asset--08-thai_ornament-049,wafo-08-thai_ornament-049,08,thai_ornament,Thai Ornament 傳統泰式紋樣
wafo-asset--08-thai_ornament-050,wafo-08-thai_ornament-050,08,thai_ornament,Thai Ornament 傳統泰式紋樣
wafo-asset--08-thai_ornament-051,wafo-08-thai_ornament-051,08,thai_ornament,Thai Ornament 傳統泰式紋樣
wafo-asset--08-thai_ornament-052,wafo-08-thai_ornament-052,08,thai_ornament,Thai Ornament 傳統泰式紋樣
wafo-asset--08-thai_ornament-053,wafo-08-thai_ornament-053,08,thai_ornament,Thai Ornament 傳統泰式紋樣
wafo-asset--08-thai_ornament-054,wafo-08-thai_ornament-054,08,thai_ornament,Thai Ornament 傳統泰式紋樣
wafo-asset--08-thai_ornament-055,wafo-08-thai_ornament-055,08,thai_ornament,Thai Ornament 傳統泰式紋樣
wafo-asset--08-thai_ornament-056,wafo-08-thai_ornament-056,08,thai_ornament,Thai Ornament 傳統泰式紋樣
wafo-asset--08-thai_ornament-057,wafo-08-thai_ornament-057,08,thai_ornament,Thai Ornament 傳統泰式紋樣
wafo-asset--08-thai_ornament-058,wafo-08-thai_ornament-058,08,thai_ornament,Thai Ornament 傳統泰式紋樣
wafo-asset--08-thai_ornament-059,wafo-08-thai_ornament-059,08,thai_ornament,Thai Ornament 傳統泰式紋樣
wafo-asset--08-thai_ornament-060,wafo-08-thai_ornament-060,08,thai_ornament,Thai Ornament 傳統泰式紋樣
wafo-asset--08-thai_ornament-061,wafo-08-thai_ornament-061,08,thai_ornament,Thai Ornament 傳統泰式紋樣
wafo-asset--08-thai_ornament-062,wafo-08-thai_ornament-062,08,thai_ornament,Thai Ornament 傳統泰式紋樣
wafo-asset--09-frame_card-001,wafo-09-frame_card-001,09,frame_card,Frame Card 邊框卡片框
wafo-asset--09-frame_card-002,wafo-09-frame_card-002,09,frame_card,Frame Card 邊框卡片框
wafo-asset--09-frame_card-003,wafo-09-frame_card-003,09,frame_card,Frame Card 邊框卡片框
wafo-asset--09-frame_card-004,wafo-09-frame_card-004,09,frame_card,Frame Card 邊框卡片框
wafo-asset--09-frame_card-005,wafo-09-frame_card-005,09,frame_card,Frame Card 邊框卡片框
wafo-asset--09-frame_card-006,wafo-09-frame_card-006,09,frame_card,Frame Card 邊框卡片框
wafo-asset--09-frame_card-007,wafo-09-frame_card-007,09,frame_card,Frame Card 邊框卡片框
wafo-asset--09-frame_card-008,wafo-09-frame_card-008,09,frame_card,Frame Card 邊框卡片框
wafo-asset--09-frame_card-009,wafo-09-frame_card-009,09,frame_card,Frame Card 邊框卡片框
wafo-asset--09-frame_card-010,wafo-09-frame_card-010,09,frame_card,Frame Card 邊框卡片框
wafo-asset--09-frame_card-011,wafo-09-frame_card-011,09,frame_card,Frame Card 邊框卡片框
wafo-asset--09-frame_card-012,wafo-09-frame_card-012,09,frame_card,Frame Card 邊框卡片框
wafo-asset--10-divider-001,wafo-10-divider-001,10,divider,Divider 分隔線
wafo-asset--10-divider-002,wafo-10-divider-002,10,divider,Divider 分隔線
wafo-asset--10-divider-003,wafo-10-divider-003,10,divider,Divider 分隔線
wafo-asset--10-divider-004,wafo-10-divider-004,10,divider,Divider 分隔線
wafo-asset--10-divider-005,wafo-10-divider-005,10,divider,Divider 分隔線
wafo-asset--10-divider-006,wafo-10-divider-006,10,divider,Divider 分隔線
wafo-asset--10-divider-007,wafo-10-divider-007,10,divider,Divider 分隔線
wafo-asset--10-divider-008,wafo-10-divider-008,10,divider,Divider 分隔線
wafo-asset--10-divider-009,wafo-10-divider-009,10,divider,Divider 分隔線
wafo-asset--10-divider-010,wafo-10-divider-010,10,divider,Divider 分隔線
wafo-asset--10-divider-011,wafo-10-divider-011,10,divider,Divider 分隔線
wafo-asset--10-divider-012,wafo-10-divider-012,10,divider,Divider 分隔線
wafo-asset--10-divider-013,wafo-10-divider-013,10,divider,Divider 分隔線
wafo-asset--10-divider-014,wafo-10-divider-014,10,divider,Divider 分隔線
wafo-asset--10-divider-015,wafo-10-divider-015,10,divider,Divider 分隔線
wafo-asset--10-divider-016,wafo-10-divider-016,10,divider,Divider 分隔線
wafo-asset--10-divider-017,wafo-10-divider-017,10,divider,Divider 分隔線
wafo-asset--10-divider-018,wafo-10-divider-018,10,divider,Divider 分隔線
wafo-asset--11-corner-001,wafo-11-corner-001,11,corner,Corner 角花邊角裝飾
wafo-asset--11-corner-002,wafo-11-corner-002,11,corner,Corner 角花邊角裝飾
wafo-asset--11-corner-003,wafo-11-corner-003,11,corner,Corner 角花邊角裝飾
wafo-asset--11-corner-004,wafo-11-corner-004,11,corner,Corner 角花邊角裝飾
wafo-asset--11-corner-005,wafo-11-corner-005,11,corner,Corner 角花邊角裝飾
wafo-asset--11-corner-006,wafo-11-corner-006,11,corner,Corner 角花邊角裝飾
wafo-asset--11-corner-007,wafo-11-corner-007,11,corner,Corner 角花邊角裝飾
wafo-asset--11-corner-008,wafo-11-corner-008,11,corner,Corner 角花邊角裝飾
wafo-asset--11-corner-009,wafo-11-corner-009,11,corner,Corner 角花邊角裝飾
wafo-asset--12-mini_corner-001,wafo-12-mini_corner-001,12,mini_corner,Mini Corner 小型低調角花
wafo-asset--12-mini_corner-002,wafo-12-mini_corner-002,12,mini_corner,Mini Corner 小型低調角花
wafo-asset--12-mini_corner-003,wafo-12-mini_corner-003,12,mini_corner,Mini Corner 小型低調角花
wafo-asset--12-mini_corner-004,wafo-12-mini_corner-004,12,mini_corner,Mini Corner 小型低調角花
wafo-asset--12-mini_corner-005,wafo-12-mini_corner-005,12,mini_corner,Mini Corner 小型低調角花
wafo-asset--12-mini_corner-006,wafo-12-mini_corner-006,12,mini_corner,Mini Corner 小型低調角花
wafo-asset--13-roof_gable-001,wafo-13-roof_gable-001,13,roof_gable,Roof Gable 屋脊寺廟山牆
wafo-asset--13-roof_gable-002,wafo-13-roof_gable-002,13,roof_gable,Roof Gable 屋脊寺廟山牆
wafo-asset--13-roof_gable-003,wafo-13-roof_gable-003,13,roof_gable,Roof Gable 屋脊寺廟山牆
wafo-asset--13-roof_gable-004,wafo-13-roof_gable-004,13,roof_gable,Roof Gable 屋脊寺廟山牆
wafo-asset--13-roof_gable-005,wafo-13-roof_gable-005,13,roof_gable,Roof Gable 屋脊寺廟山牆
wafo-asset--13-roof_gable-006,wafo-13-roof_gable-006,13,roof_gable,Roof Gable 屋脊寺廟山牆
wafo-asset--13-roof_gable-007,wafo-13-roof_gable-007,13,roof_gable,Roof Gable 屋脊寺廟山牆
wafo-asset--13-roof_gable-008,wafo-13-roof_gable-008,13,roof_gable,Roof Gable 屋脊寺廟山牆
wafo-asset--14-reference_extracted-001,wafo-14-reference_extracted-001,14,reference_extracted,Reference Extracted 參考取出待整理
wafo-asset--14-reference_extracted-002,wafo-14-reference_extracted-002,14,reference_extracted,Reference Extracted 參考取出待整理
wafo-asset--14-reference_extracted-003,wafo-14-reference_extracted-003,14,reference_extracted,Reference Extracted 參考取出待整理
wafo-asset--14-reference_extracted-004,wafo-14-reference_extracted-004,14,reference_extracted,Reference Extracted 參考取出待整理
wafo-asset--14-reference_extracted-005,wafo-14-reference_extracted-005,14,reference_extracted,Reference Extracted 參考取出待整理
wafo-asset--14-reference_extracted-006,wafo-14-reference_extracted-006,14,reference_extracted,Reference Extracted 參考取出待整理
wafo-asset--14-reference_extracted-007,wafo-14-reference_extracted-007,14,reference_extracted,Reference Extracted 參考取出待整理
wafo-asset--14-reference_extracted-008,wafo-14-reference_extracted-008,14,reference_extracted,Reference Extracted 參考取出待整理
wafo-asset--14-reference_extracted-009,wafo-14-reference_extracted-009,14,reference_extracted,Reference Extracted 參考取出待整理
wafo-asset--14-reference_extracted-010,wafo-14-reference_extracted-010,14,reference_extracted,Reference Extracted 參考取出待整理
wafo-asset--14-reference_extracted-011,wafo-14-reference_extracted-011,14,reference_extracted,Reference Extracted 參考取出待整理
wafo-asset--14-reference_extracted-012,wafo-14-reference_extracted-012,14,reference_extracted,Reference Extracted 參考取出待整理
wafo-asset--14-reference_extracted-013,wafo-14-reference_extracted-013,14,reference_extracted,Reference Extracted 參考取出待整理
wafo-asset--14-reference_extracted-014,wafo-14-reference_extracted-014,14,reference_extracted,Reference Extracted 參考取出待整理
wafo-asset--14-reference_extracted-015,wafo-14-reference_extracted-015,14,reference_extracted,Reference Extracted 參考取出待整理
wafo-asset--14-reference_extracted-016,wafo-14-reference_extracted-016,14,reference_extracted,Reference Extracted 參考取出待整理
wafo-asset--14-reference_extracted-017,wafo-14-reference_extracted-017,14,reference_extracted,Reference Extracted 參考取出待整理
