asset_id,category,sub_category,sub_category_zh,original_filename,svg_currentColor,svg_gold,png_black,png_gold,css_class,github_pages_svg,github_pages_png_gold,frontstage_level
wafo-15-simple-001,15_wafo_simple_icon,buddhist_amulet_form,佛教本體與佛牌形制,佛像吊墜圖示,assets/svg/15_wafo_simple_icon/wafo-15-simple-001.svg,assets/svg/15_wafo_simple_icon_gold/wafo-15-simple-001.svg,assets/png512/15_wafo_simple_icon/wafo-15-simple-001.png,assets/png512/15_wafo_simple_icon_gold/wafo-15-simple-001.png,wafo-simple-icon--001,https://bertwang.github.io/wafo-assets/assets/svg/15_wafo_simple_icon/wafo-15-simple-001.svg,https://bertwang.github.io/wafo-assets/assets/png512/15_wafo_simple_icon_gold/wafo-15-simple-001.png,A_public
wafo-15-simple-002,15_wafo_simple_icon,buddhist_amulet_form,佛教本體與佛牌形制,佛像吊墜設計,assets/svg/15_wafo_simple_icon/wafo-15-simple-002.svg,assets/svg/15_wafo_simple_icon_gold/wafo-15-simple-002.svg,assets/png512/15_wafo_simple_icon/wafo-15-simple-002.png,assets/png512/15_wafo_simple_icon_gold/wafo-15-simple-002.png,wafo-simple-icon--002,https://bertwang.github.io/wafo-assets/assets/svg/15_wafo_simple_icon/wafo-15-simple-002.svg,https://bertwang.github.io/wafo-assets/assets/png512/15_wafo_simple_icon_gold/wafo-15-simple-002.png,A_public
wafo-15-simple-003,15_wafo_simple_icon,buddhist_amulet_form,佛教本體與佛牌形制,佛像吊飾圖案,assets/svg/15_wafo_simple_icon/wafo-15-simple-003.svg,assets/svg/15_wafo_simple_icon_gold/wafo-15-simple-003.svg,assets/png512/15_wafo_simple_icon/wafo-15-simple-003.png,assets/png512/15_wafo_simple_icon_gold/wafo-15-simple-003.png,wafo-simple-icon--003,https://bertwang.github.io/wafo-assets/assets/svg/15_wafo_simple_icon/wafo-15-simple-003.svg,https://bertwang.github.io/wafo-assets/assets/png512/15_wafo_simple_icon_gold/wafo-15-simple-003.png,A_public
wafo-15-simple-004,15_wafo_simple_icon,buddhist_amulet_form,佛教本體與佛牌形制,冥想中的佛像吊飾,assets/svg/15_wafo_simple_icon/wafo-15-simple-004.svg,assets/svg/15_wafo_simple_icon_gold/wafo-15-simple-004.svg,assets/png512/15_wafo_simple_icon/wafo-15-simple-004.png,assets/png512/15_wafo_simple_icon_gold/wafo-15-simple-004.png,wafo-simple-icon--004,https://bertwang.github.io/wafo-assets/assets/svg/15_wafo_simple_icon/wafo-15-simple-004.svg,https://bertwang.github.io/wafo-assets/assets/png512/15_wafo_simple_icon_gold/wafo-15-simple-004.png,A_public
wafo-15-simple-005,15_wafo_simple_icon,buddhist_amulet_form,佛教本體與佛牌形制,冥想中的佛像圖像,assets/svg/15_wafo_simple_icon/wafo-15-simple-005.svg,assets/svg/15_wafo_simple_icon_gold/wafo-15-simple-005.svg,assets/png512/15_wafo_simple_icon/wafo-15-simple-005.png,assets/png512/15_wafo_simple_icon_gold/wafo-15-simple-005.png,wafo-simple-icon--005,https://bertwang.github.io/wafo-assets/assets/svg/15_wafo_simple_icon/wafo-15-simple-005.svg,https://bertwang.github.io/wafo-assets/assets/png512/15_wafo_simple_icon_gold/wafo-15-simple-005.png,A_public
wafo-15-simple-006,15_wafo_simple_icon,buddhist_amulet_form,佛教本體與佛牌形制,冥想中的佛陀图示,assets/svg/15_wafo_simple_icon/wafo-15-simple-006.svg,assets/svg/15_wafo_simple_icon_gold/wafo-15-simple-006.svg,assets/png512/15_wafo_simple_icon/wafo-15-simple-006.png,assets/png512/15_wafo_simple_icon_gold/wafo-15-simple-006.png,wafo-simple-icon--006,https://bertwang.github.io/wafo-assets/assets/svg/15_wafo_simple_icon/wafo-15-simple-006.svg,https://bertwang.github.io/wafo-assets/assets/png512/15_wafo_simple_icon_gold/wafo-15-simple-006.png,A_public
wafo-15-simple-007,15_wafo_simple_icon,buddhist_amulet_form,佛教本體與佛牌形制,冥想佛像線條圖示,assets/svg/15_wafo_simple_icon/wafo-15-simple-007.svg,assets/svg/15_wafo_simple_icon_gold/wafo-15-simple-007.svg,assets/png512/15_wafo_simple_icon/wafo-15-simple-007.png,assets/png512/15_wafo_simple_icon_gold/wafo-15-simple-007.png,wafo-simple-icon--007,https://bertwang.github.io/wafo-assets/assets/svg/15_wafo_simple_icon/wafo-15-simple-007.svg,https://bertwang.github.io/wafo-assets/assets/png512/15_wafo_simple_icon_gold/wafo-15-simple-007.png,A_public
wafo-15-simple-008,15_wafo_simple_icon,buddhist_amulet_form,佛教本體與佛牌形制,禪坐佛像吊飾圖案,assets/svg/15_wafo_simple_icon/wafo-15-simple-008.svg,assets/svg/15_wafo_simple_icon_gold/wafo-15-simple-008.svg,assets/png512/15_wafo_simple_icon/wafo-15-simple-008.png,assets/png512/15_wafo_simple_icon_gold/wafo-15-simple-008.png,wafo-simple-icon--008,https://bertwang.github.io/wafo-assets/assets/svg/15_wafo_simple_icon/wafo-15-simple-008.svg,https://bertwang.github.io/wafo-assets/assets/png512/15_wafo_simple_icon_gold/wafo-15-simple-008.png,A_public
wafo-15-simple-009,15_wafo_simple_icon,buddhist_amulet_form,佛教本體與佛牌形制,禪定佛像吊飾設計,assets/svg/15_wafo_simple_icon/wafo-15-simple-009.svg,assets/svg/15_wafo_simple_icon_gold/wafo-15-simple-009.svg,assets/png512/15_wafo_simple_icon/wafo-15-simple-009.png,assets/png512/15_wafo_simple_icon_gold/wafo-15-simple-009.png,wafo-simple-icon--009,https://bertwang.github.io/wafo-assets/assets/svg/15_wafo_simple_icon/wafo-15-simple-009.svg,https://bertwang.github.io/wafo-assets/assets/png512/15_wafo_simple_icon_gold/wafo-15-simple-009.png,A_public
wafo-15-simple-010,15_wafo_simple_icon,buddhist_amulet_form,佛教本體與佛牌形制,簡約佛像三角吊墜設計,assets/svg/15_wafo_simple_icon/wafo-15-simple-010.svg,assets/svg/15_wafo_simple_icon_gold/wafo-15-simple-010.svg,assets/png512/15_wafo_simple_icon/wafo-15-simple-010.png,assets/png512/15_wafo_simple_icon_gold/wafo-15-simple-010.png,wafo-simple-icon--010,https://bertwang.github.io/wafo-assets/assets/svg/15_wafo_simple_icon/wafo-15-simple-010.svg,https://bertwang.github.io/wafo-assets/assets/png512/15_wafo_simple_icon_gold/wafo-15-simple-010.png,A_public
wafo-15-simple-011,15_wafo_simple_icon,buddhist_amulet_form,佛教本體與佛牌形制,簡約佛像線條插畫,assets/svg/15_wafo_simple_icon/wafo-15-simple-011.svg,assets/svg/15_wafo_simple_icon_gold/wafo-15-simple-011.svg,assets/png512/15_wafo_simple_icon/wafo-15-simple-011.png,assets/png512/15_wafo_simple_icon_gold/wafo-15-simple-011.png,wafo-simple-icon--011,https://bertwang.github.io/wafo-assets/assets/svg/15_wafo_simple_icon/wafo-15-simple-011.svg,https://bertwang.github.io/wafo-assets/assets/png512/15_wafo_simple_icon_gold/wafo-15-simple-011.png,A_public
wafo-15-simple-012,15_wafo_simple_icon,buddhist_amulet_form,佛教本體與佛牌形制,簡約禪意佛像插畫,assets/svg/15_wafo_simple_icon/wafo-15-simple-012.svg,assets/svg/15_wafo_simple_icon_gold/wafo-15-simple-012.svg,assets/png512/15_wafo_simple_icon/wafo-15-simple-012.png,assets/png512/15_wafo_simple_icon_gold/wafo-15-simple-012.png,wafo-simple-icon--012,https://bertwang.github.io/wafo-assets/assets/svg/15_wafo_simple_icon/wafo-15-simple-012.svg,https://bertwang.github.io/wafo-assets/assets/png512/15_wafo_simple_icon_gold/wafo-15-simple-012.png,A_public
wafo-15-simple-013,15_wafo_simple_icon,buddhist_amulet_form,佛教本體與佛牌形制,簡約靜謐的佛像插圖,assets/svg/15_wafo_simple_icon/wafo-15-simple-013.svg,assets/svg/15_wafo_simple_icon_gold/wafo-15-simple-013.svg,assets/png512/15_wafo_simple_icon/wafo-15-simple-013.png,assets/png512/15_wafo_simple_icon_gold/wafo-15-simple-013.png,wafo-simple-icon--013,https://bertwang.github.io/wafo-assets/assets/svg/15_wafo_simple_icon/wafo-15-simple-013.svg,https://bertwang.github.io/wafo-assets/assets/png512/15_wafo_simple_icon_gold/wafo-15-simple-013.png,A_public
wafo-15-simple-014,15_wafo_simple_icon,buddhist_amulet_form,佛教本體與佛牌形制,臥佛線條插畫,assets/svg/15_wafo_simple_icon/wafo-15-simple-014.svg,assets/svg/15_wafo_simple_icon_gold/wafo-15-simple-014.svg,assets/png512/15_wafo_simple_icon/wafo-15-simple-014.png,assets/png512/15_wafo_simple_icon_gold/wafo-15-simple-014.png,wafo-simple-icon--014,https://bertwang.github.io/wafo-assets/assets/svg/15_wafo_simple_icon/wafo-15-simple-014.svg,https://bertwang.github.io/wafo-assets/assets/png512/15_wafo_simple_icon_gold/wafo-15-simple-014.png,A_public
wafo-15-simple-015,15_wafo_simple_icon,buddhist_amulet_form,佛教本體與佛牌形制,靜謐佛像簡線畫,assets/svg/15_wafo_simple_icon/wafo-15-simple-015.svg,assets/svg/15_wafo_simple_icon_gold/wafo-15-simple-015.svg,assets/png512/15_wafo_simple_icon/wafo-15-simple-015.png,assets/png512/15_wafo_simple_icon_gold/wafo-15-simple-015.png,wafo-simple-icon--015,https://bertwang.github.io/wafo-assets/assets/svg/15_wafo_simple_icon/wafo-15-simple-015.svg,https://bertwang.github.io/wafo-assets/assets/png512/15_wafo_simple_icon_gold/wafo-15-simple-015.png,A_public
wafo-15-simple-016,15_wafo_simple_icon,buddhist_amulet_form,佛教本體與佛牌形制,黑白佛像圖案,assets/svg/15_wafo_simple_icon/wafo-15-simple-016.svg,assets/svg/15_wafo_simple_icon_gold/wafo-15-simple-016.svg,assets/png512/15_wafo_simple_icon/wafo-15-simple-016.png,assets/png512/15_wafo_simple_icon_gold/wafo-15-simple-016.png,wafo-simple-icon--016,https://bertwang.github.io/wafo-assets/assets/svg/15_wafo_simple_icon/wafo-15-simple-016.svg,https://bertwang.github.io/wafo-assets/assets/png512/15_wafo_simple_icon_gold/wafo-15-simple-016.png,A_public
wafo-15-simple-017,15_wafo_simple_icon,ritual_offering,法會供奉與儀式用品,供品盤與花果簡圖,assets/svg/15_wafo_simple_icon/wafo-15-simple-017.svg,assets/svg/15_wafo_simple_icon_gold/wafo-15-simple-017.svg,assets/png512/15_wafo_simple_icon/wafo-15-simple-017.png,assets/png512/15_wafo_simple_icon_gold/wafo-15-simple-017.png,wafo-simple-icon--017,https://bertwang.github.io/wafo-assets/assets/svg/15_wafo_simple_icon/wafo-15-simple-017.svg,https://bertwang.github.io/wafo-assets/assets/png512/15_wafo_simple_icon_gold/wafo-15-simple-017.png,A_public
wafo-15-simple-018,15_wafo_simple_icon,ritual_offering,法會供奉與儀式用品,傳統油燈圖示,assets/svg/15_wafo_simple_icon/wafo-15-simple-018.svg,assets/svg/15_wafo_simple_icon_gold/wafo-15-simple-018.svg,assets/png512/15_wafo_simple_icon/wafo-15-simple-018.png,assets/png512/15_wafo_simple_icon_gold/wafo-15-simple-018.png,wafo-simple-icon--018,https://bertwang.github.io/wafo-assets/assets/svg/15_wafo_simple_icon/wafo-15-simple-018.svg,https://bertwang.github.io/wafo-assets/assets/png512/15_wafo_simple_icon_gold/wafo-15-simple-018.png,A_public
wafo-15-simple-019,15_wafo_simple_icon,ritual_offering,法會供奉與儀式用品,儀式用碗與刷子,assets/svg/15_wafo_simple_icon/wafo-15-simple-019.svg,assets/svg/15_wafo_simple_icon_gold/wafo-15-simple-019.svg,assets/png512/15_wafo_simple_icon/wafo-15-simple-019.png,assets/png512/15_wafo_simple_icon_gold/wafo-15-simple-019.png,wafo-simple-icon--019,https://bertwang.github.io/wafo-assets/assets/svg/15_wafo_simple_icon/wafo-15-simple-019.svg,https://bertwang.github.io/wafo-assets/assets/png512/15_wafo_simple_icon_gold/wafo-15-simple-019.png,A_public
wafo-15-simple-020,15_wafo_simple_icon,ritual_offering,法會供奉與儀式用品,兩支蠟燭插立,assets/svg/15_wafo_simple_icon/wafo-15-simple-020.svg,assets/svg/15_wafo_simple_icon_gold/wafo-15-simple-020.svg,assets/png512/15_wafo_simple_icon/wafo-15-simple-020.png,assets/png512/15_wafo_simple_icon_gold/wafo-15-simple-020.png,wafo-simple-icon--020,https://bertwang.github.io/wafo-assets/assets/svg/15_wafo_simple_icon/wafo-15-simple-020.svg,https://bertwang.github.io/wafo-assets/assets/png512/15_wafo_simple_icon_gold/wafo-15-simple-020.png,A_public
wafo-15-simple-021,15_wafo_simple_icon,ritual_offering,法會供奉與儀式用品,圓形碗形圖示,assets/svg/15_wafo_simple_icon/wafo-15-simple-021.svg,assets/svg/15_wafo_simple_icon_gold/wafo-15-simple-021.svg,assets/png512/15_wafo_simple_icon/wafo-15-simple-021.png,assets/png512/15_wafo_simple_icon_gold/wafo-15-simple-021.png,wafo-simple-icon--021,https://bertwang.github.io/wafo-assets/assets/svg/15_wafo_simple_icon/wafo-15-simple-021.svg,https://bertwang.github.io/wafo-assets/assets/png512/15_wafo_simple_icon_gold/wafo-15-simple-021.png,A_public
wafo-15-simple-022,15_wafo_simple_icon,ritual_offering,法會供奉與儀式用品,對稱的佛塔符號,assets/svg/15_wafo_simple_icon/wafo-15-simple-022.svg,assets/svg/15_wafo_simple_icon_gold/wafo-15-simple-022.svg,assets/png512/15_wafo_simple_icon/wafo-15-simple-022.png,assets/png512/15_wafo_simple_icon_gold/wafo-15-simple-022.png,wafo-simple-icon--022,https://bertwang.github.io/wafo-assets/assets/svg/15_wafo_simple_icon/wafo-15-simple-022.svg,https://bertwang.github.io/wafo-assets/assets/png512/15_wafo_simple_icon_gold/wafo-15-simple-022.png,A_public
wafo-15-simple-023,15_wafo_simple_icon,ritual_offering,法會供奉與儀式用品,泰式花環插畫,assets/svg/15_wafo_simple_icon/wafo-15-simple-023.svg,assets/svg/15_wafo_simple_icon_gold/wafo-15-simple-023.svg,assets/png512/15_wafo_simple_icon/wafo-15-simple-023.png,assets/png512/15_wafo_simple_icon_gold/wafo-15-simple-023.png,wafo-simple-icon--023,https://bertwang.github.io/wafo-assets/assets/svg/15_wafo_simple_icon/wafo-15-simple-023.svg,https://bertwang.github.io/wafo-assets/assets/png512/15_wafo_simple_icon_gold/wafo-15-simple-023.png,A_public
wafo-15-simple-024,15_wafo_simple_icon,ritual_offering,法會供奉與儀式用品,祖先牌位與燭火圖示,assets/svg/15_wafo_simple_icon/wafo-15-simple-024.svg,assets/svg/15_wafo_simple_icon_gold/wafo-15-simple-024.svg,assets/png512/15_wafo_simple_icon/wafo-15-simple-024.png,assets/png512/15_wafo_simple_icon_gold/wafo-15-simple-024.png,wafo-simple-icon--024,https://bertwang.github.io/wafo-assets/assets/svg/15_wafo_simple_icon/wafo-15-simple-024.svg,https://bertwang.github.io/wafo-assets/assets/png512/15_wafo_simple_icon_gold/wafo-15-simple-024.png,A_public
wafo-15-simple-025,15_wafo_simple_icon,ritual_offering,法會供奉與儀式用品,祝福的手與聖物,assets/svg/15_wafo_simple_icon/wafo-15-simple-025.svg,assets/svg/15_wafo_simple_icon_gold/wafo-15-simple-025.svg,assets/png512/15_wafo_simple_icon/wafo-15-simple-025.png,assets/png512/15_wafo_simple_icon_gold/wafo-15-simple-025.png,wafo-simple-icon--025,https://bertwang.github.io/wafo-assets/assets/svg/15_wafo_simple_icon/wafo-15-simple-025.svg,https://bertwang.github.io/wafo-assets/assets/png512/15_wafo_simple_icon_gold/wafo-15-simple-025.png,A_public
wafo-15-simple-026,15_wafo_simple_icon,ritual_offering,法會供奉與儀式用品,簡約的擺盤托盤設計,assets/svg/15_wafo_simple_icon/wafo-15-simple-026.svg,assets/svg/15_wafo_simple_icon_gold/wafo-15-simple-026.svg,assets/png512/15_wafo_simple_icon/wafo-15-simple-026.png,assets/png512/15_wafo_simple_icon_gold/wafo-15-simple-026.png,wafo-simple-icon--026,https://bertwang.github.io/wafo-assets/assets/svg/15_wafo_simple_icon/wafo-15-simple-026.svg,https://bertwang.github.io/wafo-assets/assets/png512/15_wafo_simple_icon_gold/wafo-15-simple-026.png,A_public
wafo-15-simple-027,15_wafo_simple_icon,ritual_offering,法會供奉與儀式用品,簡約祭壇與燈火圖示,assets/svg/15_wafo_simple_icon/wafo-15-simple-027.svg,assets/svg/15_wafo_simple_icon_gold/wafo-15-simple-027.svg,assets/png512/15_wafo_simple_icon/wafo-15-simple-027.png,assets/png512/15_wafo_simple_icon_gold/wafo-15-simple-027.png,wafo-simple-icon--027,https://bertwang.github.io/wafo-assets/assets/svg/15_wafo_simple_icon/wafo-15-simple-027.svg,https://bertwang.github.io/wafo-assets/assets/png512/15_wafo_simple_icon_gold/wafo-15-simple-027.png,A_public
wafo-15-simple-028,15_wafo_simple_icon,ritual_offering,法會供奉與儀式用品,聖水瓶線條圖示,assets/svg/15_wafo_simple_icon/wafo-15-simple-028.svg,assets/svg/15_wafo_simple_icon_gold/wafo-15-simple-028.svg,assets/png512/15_wafo_simple_icon/wafo-15-simple-028.png,assets/png512/15_wafo_simple_icon_gold/wafo-15-simple-028.png,wafo-simple-icon--028,https://bertwang.github.io/wafo-assets/assets/svg/15_wafo_simple_icon/wafo-15-simple-028.svg,https://bertwang.github.io/wafo-assets/assets/png512/15_wafo_simple_icon_gold/wafo-15-simple-028.png,A_public
wafo-15-simple-029,15_wafo_simple_icon,ritual_offering,法會供奉與儀式用品,蓮花蠟燭圖示,assets/svg/15_wafo_simple_icon/wafo-15-simple-029.svg,assets/svg/15_wafo_simple_icon_gold/wafo-15-simple-029.svg,assets/png512/15_wafo_simple_icon/wafo-15-simple-029.png,assets/png512/15_wafo_simple_icon_gold/wafo-15-simple-029.png,wafo-simple-icon--029,https://bertwang.github.io/wafo-assets/assets/svg/15_wafo_simple_icon/wafo-15-simple-029.svg,https://bertwang.github.io/wafo-assets/assets/png512/15_wafo_simple_icon_gold/wafo-15-simple-029.png,A_public
wafo-15-simple-030,15_wafo_simple_icon,ritual_offering,法會供奉與儀式用品,香爐與煙霧,assets/svg/15_wafo_simple_icon/wafo-15-simple-030.svg,assets/svg/15_wafo_simple_icon_gold/wafo-15-simple-030.svg,assets/png512/15_wafo_simple_icon/wafo-15-simple-030.png,assets/png512/15_wafo_simple_icon_gold/wafo-15-simple-030.png,wafo-simple-icon--030,https://bertwang.github.io/wafo-assets/assets/svg/15_wafo_simple_icon/wafo-15-simple-030.svg,https://bertwang.github.io/wafo-assets/assets/png512/15_wafo_simple_icon_gold/wafo-15-simple-030.png,A_public
wafo-15-simple-031,15_wafo_simple_icon,product_accessory_container,商品配件與容器展示,化妝粉罐簡約圖示,assets/svg/15_wafo_simple_icon/wafo-15-simple-031.svg,assets/svg/15_wafo_simple_icon_gold/wafo-15-simple-031.svg,assets/png512/15_wafo_simple_icon/wafo-15-simple-031.png,assets/png512/15_wafo_simple_icon_gold/wafo-15-simple-031.png,wafo-simple-icon--031,https://bertwang.github.io/wafo-assets/assets/svg/15_wafo_simple_icon/wafo-15-simple-031.svg,https://bertwang.github.io/wafo-assets/assets/png512/15_wafo_simple_icon_gold/wafo-15-simple-031.png,A_public
wafo-15-simple-032,15_wafo_simple_icon,product_accessory_container,商品配件與容器展示,吊墜或小藥瓶圖示,assets/svg/15_wafo_simple_icon/wafo-15-simple-032.svg,assets/svg/15_wafo_simple_icon_gold/wafo-15-simple-032.svg,assets/png512/15_wafo_simple_icon/wafo-15-simple-032.png,assets/png512/15_wafo_simple_icon_gold/wafo-15-simple-032.png,wafo-simple-icon--032,https://bertwang.github.io/wafo-assets/assets/svg/15_wafo_simple_icon/wafo-15-simple-032.svg,https://bertwang.github.io/wafo-assets/assets/png512/15_wafo_simple_icon_gold/wafo-15-simple-032.png,A_public
wafo-15-simple-033,15_wafo_simple_icon,product_accessory_container,商品配件與容器展示,吊墜管狀飾品圖示,assets/svg/15_wafo_simple_icon/wafo-15-simple-033.svg,assets/svg/15_wafo_simple_icon_gold/wafo-15-simple-033.svg,assets/png512/15_wafo_simple_icon/wafo-15-simple-033.png,assets/png512/15_wafo_simple_icon_gold/wafo-15-simple-033.png,wafo-simple-icon--033,https://bertwang.github.io/wafo-assets/assets/svg/15_wafo_simple_icon/wafo-15-simple-033.svg,https://bertwang.github.io/wafo-assets/assets/png512/15_wafo_simple_icon_gold/wafo-15-simple-033.png,A_public
wafo-15-simple-034,15_wafo_simple_icon,product_accessory_container,商品配件與容器展示,圓形串珠掛飾與流蘭,assets/svg/15_wafo_simple_icon/wafo-15-simple-034.svg,assets/svg/15_wafo_simple_icon_gold/wafo-15-simple-034.svg,assets/png512/15_wafo_simple_icon/wafo-15-simple-034.png,assets/png512/15_wafo_simple_icon_gold/wafo-15-simple-034.png,wafo-simple-icon--034,https://bertwang.github.io/wafo-assets/assets/svg/15_wafo_simple_icon/wafo-15-simple-034.svg,https://bertwang.github.io/wafo-assets/assets/png512/15_wafo_simple_icon_gold/wafo-15-simple-034.png,A_public
wafo-15-simple-035,15_wafo_simple_icon,product_accessory_container,商品配件與容器展示,圓形吊飾簡約設計,assets/svg/15_wafo_simple_icon/wafo-15-simple-035.svg,assets/svg/15_wafo_simple_icon_gold/wafo-15-simple-035.svg,assets/png512/15_wafo_simple_icon/wafo-15-simple-035.png,assets/png512/15_wafo_simple_icon_gold/wafo-15-simple-035.png,wafo-simple-icon--035,https://bertwang.github.io/wafo-assets/assets/svg/15_wafo_simple_icon/wafo-15-simple-035.svg,https://bertwang.github.io/wafo-assets/assets/png512/15_wafo_simple_icon_gold/wafo-15-simple-035.png,A_public
wafo-15-simple-036,15_wafo_simple_icon,product_accessory_container,商品配件與容器展示,圓形展示台線描設計,assets/svg/15_wafo_simple_icon/wafo-15-simple-036.svg,assets/svg/15_wafo_simple_icon_gold/wafo-15-simple-036.svg,assets/png512/15_wafo_simple_icon/wafo-15-simple-036.png,assets/png512/15_wafo_simple_icon_gold/wafo-15-simple-036.png,wafo-simple-icon--036,https://bertwang.github.io/wafo-assets/assets/svg/15_wafo_simple_icon/wafo-15-simple-036.svg,https://bertwang.github.io/wafo-assets/assets/png512/15_wafo_simple_icon_gold/wafo-15-simple-036.png,A_public
wafo-15-simple-037,15_wafo_simple_icon,product_accessory_container,商品配件與容器展示,小瓶子與滴水圖示,assets/svg/15_wafo_simple_icon/wafo-15-simple-037.svg,assets/svg/15_wafo_simple_icon_gold/wafo-15-simple-037.svg,assets/png512/15_wafo_simple_icon/wafo-15-simple-037.png,assets/png512/15_wafo_simple_icon_gold/wafo-15-simple-037.png,wafo-simple-icon--037,https://bertwang.github.io/wafo-assets/assets/svg/15_wafo_simple_icon/wafo-15-simple-037.svg,https://bertwang.github.io/wafo-assets/assets/png512/15_wafo_simple_icon_gold/wafo-15-simple-037.png,A_public
wafo-15-simple-038,15_wafo_simple_icon,product_accessory_container,商品配件與容器展示,眼形吊墜圖標,assets/svg/15_wafo_simple_icon/wafo-15-simple-038.svg,assets/svg/15_wafo_simple_icon_gold/wafo-15-simple-038.svg,assets/png512/15_wafo_simple_icon/wafo-15-simple-038.png,assets/png512/15_wafo_simple_icon_gold/wafo-15-simple-038.png,wafo-simple-icon--038,https://bertwang.github.io/wafo-assets/assets/svg/15_wafo_simple_icon/wafo-15-simple-038.svg,https://bertwang.github.io/wafo-assets/assets/png512/15_wafo_simple_icon_gold/wafo-15-simple-038.png,A_public
wafo-15-simple-039,15_wafo_simple_icon,product_accessory_container,商品配件與容器展示,簡單線條瓶子圖示,assets/svg/15_wafo_simple_icon/wafo-15-simple-039.svg,assets/svg/15_wafo_simple_icon_gold/wafo-15-simple-039.svg,assets/png512/15_wafo_simple_icon/wafo-15-simple-039.png,assets/png512/15_wafo_simple_icon_gold/wafo-15-simple-039.png,wafo-simple-icon--039,https://bertwang.github.io/wafo-assets/assets/svg/15_wafo_simple_icon/wafo-15-simple-039.svg,https://bertwang.github.io/wafo-assets/assets/png512/15_wafo_simple_icon_gold/wafo-15-simple-039.png,A_public
wafo-15-simple-040,15_wafo_simple_icon,product_accessory_container,商品配件與容器展示,簡約吊墜圖標,assets/svg/15_wafo_simple_icon/wafo-15-simple-040.svg,assets/svg/15_wafo_simple_icon_gold/wafo-15-simple-040.svg,assets/png512/15_wafo_simple_icon/wafo-15-simple-040.png,assets/png512/15_wafo_simple_icon_gold/wafo-15-simple-040.png,wafo-simple-icon--040,https://bertwang.github.io/wafo-assets/assets/svg/15_wafo_simple_icon/wafo-15-simple-040.svg,https://bertwang.github.io/wafo-assets/assets/png512/15_wafo_simple_icon_gold/wafo-15-simple-040.png,A_public
wafo-15-simple-041,15_wafo_simple_icon,product_accessory_container,商品配件與容器展示,簡約圓環吊飾圖示,assets/svg/15_wafo_simple_icon/wafo-15-simple-041.svg,assets/svg/15_wafo_simple_icon_gold/wafo-15-simple-041.svg,assets/png512/15_wafo_simple_icon/wafo-15-simple-041.png,assets/png512/15_wafo_simple_icon_gold/wafo-15-simple-041.png,wafo-simple-icon--041,https://bertwang.github.io/wafo-assets/assets/svg/15_wafo_simple_icon/wafo-15-simple-041.svg,https://bertwang.github.io/wafo-assets/assets/png512/15_wafo_simple_icon_gold/wafo-15-simple-041.png,A_public
wafo-15-simple-042,15_wafo_simple_icon,product_accessory_container,商品配件與容器展示,簡約瓶子圖示,assets/svg/15_wafo_simple_icon/wafo-15-simple-042.svg,assets/svg/15_wafo_simple_icon_gold/wafo-15-simple-042.svg,assets/png512/15_wafo_simple_icon/wafo-15-simple-042.png,assets/png512/15_wafo_simple_icon_gold/wafo-15-simple-042.png,wafo-simple-icon--042,https://bertwang.github.io/wafo-assets/assets/svg/15_wafo_simple_icon/wafo-15-simple-042.svg,https://bertwang.github.io/wafo-assets/assets/png512/15_wafo_simple_icon_gold/wafo-15-simple-042.png,A_public
wafo-15-simple-043,15_wafo_simple_icon,product_accessory_container,商品配件與容器展示,簡約香水瓶插圖,assets/svg/15_wafo_simple_icon/wafo-15-simple-043.svg,assets/svg/15_wafo_simple_icon_gold/wafo-15-simple-043.svg,assets/png512/15_wafo_simple_icon/wafo-15-simple-043.png,assets/png512/15_wafo_simple_icon_gold/wafo-15-simple-043.png,wafo-simple-icon--043,https://bertwang.github.io/wafo-assets/assets/svg/15_wafo_simple_icon/wafo-15-simple-043.svg,https://bertwang.github.io/wafo-assets/assets/png512/15_wafo_simple_icon_gold/wafo-15-simple-043.png,A_public
wafo-15-simple-044,15_wafo_simple_icon,product_accessory_container,商品配件與容器展示,編織手環線條插圖,assets/svg/15_wafo_simple_icon/wafo-15-simple-044.svg,assets/svg/15_wafo_simple_icon_gold/wafo-15-simple-044.svg,assets/png512/15_wafo_simple_icon/wafo-15-simple-044.png,assets/png512/15_wafo_simple_icon_gold/wafo-15-simple-044.png,wafo-simple-icon--044,https://bertwang.github.io/wafo-assets/assets/svg/15_wafo_simple_icon/wafo-15-simple-044.svg,https://bertwang.github.io/wafo-assets/assets/png512/15_wafo_simple_icon_gold/wafo-15-simple-044.png,A_public
wafo-15-simple-045,15_wafo_simple_icon,product_accessory_container,商品配件與容器展示,繞繩手環的圖示,assets/svg/15_wafo_simple_icon/wafo-15-simple-045.svg,assets/svg/15_wafo_simple_icon_gold/wafo-15-simple-045.svg,assets/png512/15_wafo_simple_icon/wafo-15-simple-045.png,assets/png512/15_wafo_simple_icon_gold/wafo-15-simple-045.png,wafo-simple-icon--045,https://bertwang.github.io/wafo-assets/assets/svg/15_wafo_simple_icon/wafo-15-simple-045.svg,https://bertwang.github.io/wafo-assets/assets/png512/15_wafo_simple_icon_gold/wafo-15-simple-045.png,A_public
wafo-15-simple-046,15_wafo_simple_icon,product_accessory_container,商品配件與容器展示,護身吊墜外殼插畫,assets/svg/15_wafo_simple_icon/wafo-15-simple-046.svg,assets/svg/15_wafo_simple_icon_gold/wafo-15-simple-046.svg,assets/png512/15_wafo_simple_icon/wafo-15-simple-046.png,assets/png512/15_wafo_simple_icon_gold/wafo-15-simple-046.png,wafo-simple-icon--046,https://bertwang.github.io/wafo-assets/assets/svg/15_wafo_simple_icon/wafo-15-simple-046.svg,https://bertwang.github.io/wafo-assets/assets/png512/15_wafo_simple_icon_gold/wafo-15-simple-046.png,A_public
wafo-15-simple-047,15_wafo_simple_icon,product_accessory_container,商品配件與容器展示,開放的圓形膏藥罐,assets/svg/15_wafo_simple_icon/wafo-15-simple-047.svg,assets/svg/15_wafo_simple_icon_gold/wafo-15-simple-047.svg,assets/png512/15_wafo_simple_icon/wafo-15-simple-047.png,assets/png512/15_wafo_simple_icon_gold/wafo-15-simple-047.png,wafo-simple-icon--047,https://bertwang.github.io/wafo-assets/assets/svg/15_wafo_simple_icon/wafo-15-simple-047.svg,https://bertwang.github.io/wafo-assets/assets/png512/15_wafo_simple_icon_gold/wafo-15-simple-047.png,A_public
wafo-15-simple-048,15_wafo_simple_icon,product_accessory_container,商品配件與容器展示,飾品展示架與吊墜,assets/svg/15_wafo_simple_icon/wafo-15-simple-048.svg,assets/svg/15_wafo_simple_icon_gold/wafo-15-simple-048.svg,assets/png512/15_wafo_simple_icon/wafo-15-simple-048.png,assets/png512/15_wafo_simple_icon_gold/wafo-15-simple-048.png,wafo-simple-icon--048,https://bertwang.github.io/wafo-assets/assets/svg/15_wafo_simple_icon/wafo-15-simple-048.svg,https://bertwang.github.io/wafo-assets/assets/png512/15_wafo_simple_icon_gold/wafo-15-simple-048.png,A_public
wafo-15-simple-049,15_wafo_simple_icon,product_accessory_container,商品配件與容器展示,黑線折角紙張圖示,assets/svg/15_wafo_simple_icon/wafo-15-simple-049.svg,assets/svg/15_wafo_simple_icon_gold/wafo-15-simple-049.svg,assets/png512/15_wafo_simple_icon/wafo-15-simple-049.png,assets/png512/15_wafo_simple_icon_gold/wafo-15-simple-049.png,wafo-simple-icon--049,https://bertwang.github.io/wafo-assets/assets/svg/15_wafo_simple_icon/wafo-15-simple-049.svg,https://bertwang.github.io/wafo-assets/assets/png512/15_wafo_simple_icon_gold/wafo-15-simple-049.png,A_public
wafo-15-simple-050,15_wafo_simple_icon,product_accessory_container,商品配件與容器展示,黑色標籤圖示,assets/svg/15_wafo_simple_icon/wafo-15-simple-050.svg,assets/svg/15_wafo_simple_icon_gold/wafo-15-simple-050.svg,assets/png512/15_wafo_simple_icon/wafo-15-simple-050.png,assets/png512/15_wafo_simple_icon_gold/wafo-15-simple-050.png,wafo-simple-icon--050,https://bertwang.github.io/wafo-assets/assets/svg/15_wafo_simple_icon/wafo-15-simple-050.svg,https://bertwang.github.io/wafo-assets/assets/png512/15_wafo_simple_icon_gold/wafo-15-simple-050.png,A_public
wafo-15-simple-051,15_wafo_simple_icon,yantra_takrut_symbol,符咒符管與符布法刺,五顆種子圖案排列,assets/svg/15_wafo_simple_icon/wafo-15-simple-051.svg,assets/svg/15_wafo_simple_icon_gold/wafo-15-simple-051.svg,assets/png512/15_wafo_simple_icon/wafo-15-simple-051.png,assets/png512/15_wafo_simple_icon_gold/wafo-15-simple-051.png,wafo-simple-icon--051,https://bertwang.github.io/wafo-assets/assets/svg/15_wafo_simple_icon/wafo-15-simple-051.svg,https://bertwang.github.io/wafo-assets/assets/png512/15_wafo_simple_icon_gold/wafo-15-simple-051.png,A_public
wafo-15-simple-052,15_wafo_simple_icon,yantra_takrut_symbol,符咒符管與符布法刺,佛像護身符吊墜,assets/svg/15_wafo_simple_icon/wafo-15-simple-052.svg,assets/svg/15_wafo_simple_icon_gold/wafo-15-simple-052.svg,assets/png512/15_wafo_simple_icon/wafo-15-simple-052.png,assets/png512/15_wafo_simple_icon_gold/wafo-15-simple-052.png,wafo-simple-icon--052,https://bertwang.github.io/wafo-assets/assets/svg/15_wafo_simple_icon/wafo-15-simple-052.svg,https://bertwang.github.io/wafo-assets/assets/png512/15_wafo_simple_icon_gold/wafo-15-simple-052.png,A_public
wafo-15-simple-053,15_wafo_simple_icon,yantra_takrut_symbol,符咒符管與符布法刺,儀式用匕首圖示,assets/svg/15_wafo_simple_icon/wafo-15-simple-053.svg,assets/svg/15_wafo_simple_icon_gold/wafo-15-simple-053.svg,assets/png512/15_wafo_simple_icon/wafo-15-simple-053.png,assets/png512/15_wafo_simple_icon_gold/wafo-15-simple-053.png,wafo-simple-icon--053,https://bertwang.github.io/wafo-assets/assets/svg/15_wafo_simple_icon/wafo-15-simple-053.svg,https://bertwang.github.io/wafo-assets/assets/png512/15_wafo_simple_icon_gold/wafo-15-simple-053.png,A_public
wafo-15-simple-054,15_wafo_simple_icon,yantra_takrut_symbol,符咒符管與符布法刺,冥想之吊墜符號,assets/svg/15_wafo_simple_icon/wafo-15-simple-054.svg,assets/svg/15_wafo_simple_icon_gold/wafo-15-simple-054.svg,assets/png512/15_wafo_simple_icon/wafo-15-simple-054.png,assets/png512/15_wafo_simple_icon_gold/wafo-15-simple-054.png,wafo-simple-icon--054,https://bertwang.github.io/wafo-assets/assets/svg/15_wafo_simple_icon/wafo-15-simple-054.svg,https://bertwang.github.io/wafo-assets/assets/png512/15_wafo_simple_icon_gold/wafo-15-simple-054.png,A_public
wafo-15-simple-055,15_wafo_simple_icon,yantra_takrut_symbol,符咒符管與符布法刺,對稱的幾何曼陀羅設計,assets/svg/15_wafo_simple_icon/wafo-15-simple-055.svg,assets/svg/15_wafo_simple_icon_gold/wafo-15-simple-055.svg,assets/png512/15_wafo_simple_icon/wafo-15-simple-055.png,assets/png512/15_wafo_simple_icon_gold/wafo-15-simple-055.png,wafo-simple-icon--055,https://bertwang.github.io/wafo-assets/assets/svg/15_wafo_simple_icon/wafo-15-simple-055.svg,https://bertwang.github.io/wafo-assets/assets/png512/15_wafo_simple_icon_gold/wafo-15-simple-055.png,A_public
wafo-15-simple-056,15_wafo_simple_icon,yantra_takrut_symbol,符咒符管與符布法刺,幾何圖案戒指設計,assets/svg/15_wafo_simple_icon/wafo-15-simple-056.svg,assets/svg/15_wafo_simple_icon_gold/wafo-15-simple-056.svg,assets/png512/15_wafo_simple_icon/wafo-15-simple-056.png,assets/png512/15_wafo_simple_icon_gold/wafo-15-simple-056.png,wafo-simple-icon--056,https://bertwang.github.io/wafo-assets/assets/svg/15_wafo_simple_icon/wafo-15-simple-056.svg,https://bertwang.github.io/wafo-assets/assets/png512/15_wafo_simple_icon_gold/wafo-15-simple-056.png,A_public
wafo-15-simple-057,15_wafo_simple_icon,yantra_takrut_symbol,符咒符管與符布法刺,幾何圖紋掛布,assets/svg/15_wafo_simple_icon/wafo-15-simple-057.svg,assets/svg/15_wafo_simple_icon_gold/wafo-15-simple-057.svg,assets/png512/15_wafo_simple_icon/wafo-15-simple-057.png,assets/png512/15_wafo_simple_icon_gold/wafo-15-simple-057.png,wafo-simple-icon--057,https://bertwang.github.io/wafo-assets/assets/svg/15_wafo_simple_icon/wafo-15-simple-057.svg,https://bertwang.github.io/wafo-assets/assets/png512/15_wafo_simple_icon_gold/wafo-15-simple-057.png,A_public
wafo-15-simple-058,15_wafo_simple_icon,yantra_takrut_symbol,符咒符管與符布法刺,幾何曼陀羅圖案,assets/svg/15_wafo_simple_icon/wafo-15-simple-058.svg,assets/svg/15_wafo_simple_icon_gold/wafo-15-simple-058.svg,assets/png512/15_wafo_simple_icon/wafo-15-simple-058.png,assets/png512/15_wafo_simple_icon_gold/wafo-15-simple-058.png,wafo-simple-icon--058,https://bertwang.github.io/wafo-assets/assets/svg/15_wafo_simple_icon/wafo-15-simple-058.svg,https://bertwang.github.io/wafo-assets/assets/png512/15_wafo_simple_icon_gold/wafo-15-simple-058.png,A_public
wafo-15-simple-059,15_wafo_simple_icon,yantra_takrut_symbol,符咒符管與符布法刺,幾何曼陀羅與蓮花符號,assets/svg/15_wafo_simple_icon/wafo-15-simple-059.svg,assets/svg/15_wafo_simple_icon_gold/wafo-15-simple-059.svg,assets/png512/15_wafo_simple_icon/wafo-15-simple-059.png,assets/png512/15_wafo_simple_icon_gold/wafo-15-simple-059.png,wafo-simple-icon--059,https://bertwang.github.io/wafo-assets/assets/svg/15_wafo_simple_icon/wafo-15-simple-059.svg,https://bertwang.github.io/wafo-assets/assets/png512/15_wafo_simple_icon_gold/wafo-15-simple-059.png,A_public
wafo-15-simple-060,15_wafo_simple_icon,yantra_takrut_symbol,符咒符管與符布法刺,幾何曼陀羅設計,assets/svg/15_wafo_simple_icon/wafo-15-simple-060.svg,assets/svg/15_wafo_simple_icon_gold/wafo-15-simple-060.svg,assets/png512/15_wafo_simple_icon/wafo-15-simple-060.png,assets/png512/15_wafo_simple_icon_gold/wafo-15-simple-060.png,wafo-simple-icon--060,https://bertwang.github.io/wafo-assets/assets/svg/15_wafo_simple_icon/wafo-15-simple-060.svg,https://bertwang.github.io/wafo-assets/assets/png512/15_wafo_simple_icon_gold/wafo-15-simple-060.png,A_public
wafo-15-simple-061,15_wafo_simple_icon,yantra_takrut_symbol,符咒符管與符布法刺,幾何聖符徽章設計,assets/svg/15_wafo_simple_icon/wafo-15-simple-061.svg,assets/svg/15_wafo_simple_icon_gold/wafo-15-simple-061.svg,assets/png512/15_wafo_simple_icon/wafo-15-simple-061.png,assets/png512/15_wafo_simple_icon_gold/wafo-15-simple-061.png,wafo-simple-icon--061,https://bertwang.github.io/wafo-assets/assets/svg/15_wafo_simple_icon/wafo-15-simple-061.svg,https://bertwang.github.io/wafo-assets/assets/png512/15_wafo_simple_icon_gold/wafo-15-simple-061.png,A_public
wafo-15-simple-062,15_wafo_simple_icon,yantra_takrut_symbol,符咒符管與符布法刺,打開的佛教護身符盒,assets/svg/15_wafo_simple_icon/wafo-15-simple-062.svg,assets/svg/15_wafo_simple_icon_gold/wafo-15-simple-062.svg,assets/png512/15_wafo_simple_icon/wafo-15-simple-062.png,assets/png512/15_wafo_simple_icon_gold/wafo-15-simple-062.png,wafo-simple-icon--062,https://bertwang.github.io/wafo-assets/assets/svg/15_wafo_simple_icon/wafo-15-simple-062.svg,https://bertwang.github.io/wafo-assets/assets/png512/15_wafo_simple_icon_gold/wafo-15-simple-062.png,A_public
wafo-15-simple-063,15_wafo_simple_icon,yantra_takrut_symbol,符咒符管與符布法刺,曼陀羅圖案排列,assets/svg/15_wafo_simple_icon/wafo-15-simple-063.svg,assets/svg/15_wafo_simple_icon_gold/wafo-15-simple-063.svg,assets/png512/15_wafo_simple_icon/wafo-15-simple-063.png,assets/png512/15_wafo_simple_icon_gold/wafo-15-simple-063.png,wafo-simple-icon--063,https://bertwang.github.io/wafo-assets/assets/svg/15_wafo_simple_icon/wafo-15-simple-063.svg,https://bertwang.github.io/wafo-assets/assets/png512/15_wafo_simple_icon_gold/wafo-15-simple-063.png,A_public
wafo-15-simple-064,15_wafo_simple_icon,yantra_takrut_symbol,符咒符管與符布法刺,簡約佛像龕形符牌,assets/svg/15_wafo_simple_icon/wafo-15-simple-064.svg,assets/svg/15_wafo_simple_icon_gold/wafo-15-simple-064.svg,assets/png512/15_wafo_simple_icon/wafo-15-simple-064.png,assets/png512/15_wafo_simple_icon_gold/wafo-15-simple-064.png,wafo-simple-icon--064,https://bertwang.github.io/wafo-assets/assets/svg/15_wafo_simple_icon/wafo-15-simple-064.svg,https://bertwang.github.io/wafo-assets/assets/png512/15_wafo_simple_icon_gold/wafo-15-simple-064.png,A_public
wafo-15-simple-065,15_wafo_simple_icon,yantra_takrut_symbol,符咒符管與符布法刺,簡約的黑白符咒插圖,assets/svg/15_wafo_simple_icon/wafo-15-simple-065.svg,assets/svg/15_wafo_simple_icon_gold/wafo-15-simple-065.svg,assets/png512/15_wafo_simple_icon/wafo-15-simple-065.png,assets/png512/15_wafo_simple_icon_gold/wafo-15-simple-065.png,wafo-simple-icon--065,https://bertwang.github.io/wafo-assets/assets/svg/15_wafo_simple_icon/wafo-15-simple-065.svg,https://bertwang.github.io/wafo-assets/assets/png512/15_wafo_simple_icon_gold/wafo-15-simple-065.png,A_public
wafo-15-simple-066,15_wafo_simple_icon,yantra_takrut_symbol,符咒符管與符布法刺,簡約黑白符號設計長袍,assets/svg/15_wafo_simple_icon/wafo-15-simple-066.svg,assets/svg/15_wafo_simple_icon_gold/wafo-15-simple-066.svg,assets/png512/15_wafo_simple_icon/wafo-15-simple-066.png,assets/png512/15_wafo_simple_icon_gold/wafo-15-simple-066.png,wafo-simple-icon--066,https://bertwang.github.io/wafo-assets/assets/svg/15_wafo_simple_icon/wafo-15-simple-066.svg,https://bertwang.github.io/wafo-assets/assets/png512/15_wafo_simple_icon_gold/wafo-15-simple-066.png,A_public
wafo-15-simple-067,15_wafo_simple_icon,yantra_takrut_symbol,符咒符管與符布法刺,綁帶裝飾符號圖案,assets/svg/15_wafo_simple_icon/wafo-15-simple-067.svg,assets/svg/15_wafo_simple_icon_gold/wafo-15-simple-067.svg,assets/png512/15_wafo_simple_icon/wafo-15-simple-067.png,assets/png512/15_wafo_simple_icon_gold/wafo-15-simple-067.png,wafo-simple-icon--067,https://bertwang.github.io/wafo-assets/assets/svg/15_wafo_simple_icon/wafo-15-simple-067.svg,https://bertwang.github.io/wafo-assets/assets/png512/15_wafo_simple_icon_gold/wafo-15-simple-067.png,A_public
wafo-15-simple-068,15_wafo_simple_icon,yantra_takrut_symbol,符咒符管與符布法刺,萬象圓環圖案,assets/svg/15_wafo_simple_icon/wafo-15-simple-068.svg,assets/svg/15_wafo_simple_icon_gold/wafo-15-simple-068.svg,assets/png512/15_wafo_simple_icon/wafo-15-simple-068.png,assets/png512/15_wafo_simple_icon_gold/wafo-15-simple-068.png,wafo-simple-icon--068,https://bertwang.github.io/wafo-assets/assets/svg/15_wafo_simple_icon/wafo-15-simple-068.svg,https://bertwang.github.io/wafo-assets/assets/png512/15_wafo_simple_icon_gold/wafo-15-simple-068.png,A_public
wafo-15-simple-069,15_wafo_simple_icon,yantra_takrut_symbol,符咒符管與符布法刺,黑白裝飾符號設計,assets/svg/15_wafo_simple_icon/wafo-15-simple-069.svg,assets/svg/15_wafo_simple_icon_gold/wafo-15-simple-069.svg,assets/png512/15_wafo_simple_icon/wafo-15-simple-069.png,assets/png512/15_wafo_simple_icon_gold/wafo-15-simple-069.png,wafo-simple-icon--069,https://bertwang.github.io/wafo-assets/assets/svg/15_wafo_simple_icon/wafo-15-simple-069.svg,https://bertwang.github.io/wafo-assets/assets/png512/15_wafo_simple_icon_gold/wafo-15-simple-069.png,A_public
wafo-15-simple-070,15_wafo_simple_icon,yantra_takrut_symbol,符咒符管與符布法刺,龜殼圖案的幾何標誌,assets/svg/15_wafo_simple_icon/wafo-15-simple-070.svg,assets/svg/15_wafo_simple_icon_gold/wafo-15-simple-070.svg,assets/png512/15_wafo_simple_icon/wafo-15-simple-070.png,assets/png512/15_wafo_simple_icon_gold/wafo-15-simple-070.png,wafo-simple-icon--070,https://bertwang.github.io/wafo-assets/assets/svg/15_wafo_simple_icon/wafo-15-simple-070.svg,https://bertwang.github.io/wafo-assets/assets/png512/15_wafo_simple_icon_gold/wafo-15-simple-070.png,A_public
wafo-15-simple-071,15_wafo_simple_icon,animal_talisman,動物型護符與獸形法物,保護符文牛頭圖騰,assets/svg/15_wafo_simple_icon/wafo-15-simple-071.svg,assets/svg/15_wafo_simple_icon_gold/wafo-15-simple-071.svg,assets/png512/15_wafo_simple_icon/wafo-15-simple-071.png,assets/png512/15_wafo_simple_icon_gold/wafo-15-simple-071.png,wafo-simple-icon--071,https://bertwang.github.io/wafo-assets/assets/svg/15_wafo_simple_icon/wafo-15-simple-071.svg,https://bertwang.github.io/wafo-assets/assets/png512/15_wafo_simple_icon_gold/wafo-15-simple-071.png,B_limited
wafo-15-simple-072,15_wafo_simple_icon,animal_talisman,動物型護符與獸形法物,對稱鳥形裝飾圖案,assets/svg/15_wafo_simple_icon/wafo-15-simple-072.svg,assets/svg/15_wafo_simple_icon_gold/wafo-15-simple-072.svg,assets/png512/15_wafo_simple_icon/wafo-15-simple-072.png,assets/png512/15_wafo_simple_icon_gold/wafo-15-simple-072.png,wafo-simple-icon--072,https://bertwang.github.io/wafo-assets/assets/svg/15_wafo_simple_icon/wafo-15-simple-072.svg,https://bertwang.github.io/wafo-assets/assets/png512/15_wafo_simple_icon_gold/wafo-15-simple-072.png,B_limited
wafo-15-simple-073,15_wafo_simple_icon,animal_talisman,動物型護符與獸形法物,對稱鳥形護符圖案,assets/svg/15_wafo_simple_icon/wafo-15-simple-073.svg,assets/svg/15_wafo_simple_icon_gold/wafo-15-simple-073.svg,assets/png512/15_wafo_simple_icon/wafo-15-simple-073.png,assets/png512/15_wafo_simple_icon_gold/wafo-15-simple-073.png,wafo-simple-icon--073,https://bertwang.github.io/wafo-assets/assets/svg/15_wafo_simple_icon/wafo-15-simple-073.svg,https://bertwang.github.io/wafo-assets/assets/png512/15_wafo_simple_icon_gold/wafo-15-simple-073.png,B_limited
wafo-15-simple-074,15_wafo_simple_icon,animal_talisman,動物型護符與獸形法物,幾何蜥蜴紋章,assets/svg/15_wafo_simple_icon/wafo-15-simple-074.svg,assets/svg/15_wafo_simple_icon_gold/wafo-15-simple-074.svg,assets/png512/15_wafo_simple_icon/wafo-15-simple-074.png,assets/png512/15_wafo_simple_icon_gold/wafo-15-simple-074.png,wafo-simple-icon--074,https://bertwang.github.io/wafo-assets/assets/svg/15_wafo_simple_icon/wafo-15-simple-074.svg,https://bertwang.github.io/wafo-assets/assets/png512/15_wafo_simple_icon_gold/wafo-15-simple-074.png,B_limited
wafo-15-simple-075,15_wafo_simple_icon,animal_talisman,動物型護符與獸形法物,極簡風格的海龜圖示,assets/svg/15_wafo_simple_icon/wafo-15-simple-075.svg,assets/svg/15_wafo_simple_icon_gold/wafo-15-simple-075.svg,assets/png512/15_wafo_simple_icon/wafo-15-simple-075.png,assets/png512/15_wafo_simple_icon_gold/wafo-15-simple-075.png,wafo-simple-icon--075,https://bertwang.github.io/wafo-assets/assets/svg/15_wafo_simple_icon/wafo-15-simple-075.svg,https://bertwang.github.io/wafo-assets/assets/png512/15_wafo_simple_icon_gold/wafo-15-simple-075.png,B_limited
wafo-15-simple-076,15_wafo_simple_icon,animal_talisman,動物型護符與獸形法物,猴子護符設計,assets/svg/15_wafo_simple_icon/wafo-15-simple-076.svg,assets/svg/15_wafo_simple_icon_gold/wafo-15-simple-076.svg,assets/png512/15_wafo_simple_icon/wafo-15-simple-076.png,assets/png512/15_wafo_simple_icon_gold/wafo-15-simple-076.png,wafo-simple-icon--076,https://bertwang.github.io/wafo-assets/assets/svg/15_wafo_simple_icon/wafo-15-simple-076.svg,https://bertwang.github.io/wafo-assets/assets/png512/15_wafo_simple_icon_gold/wafo-15-simple-076.png,B_limited
wafo-15-simple-077,15_wafo_simple_icon,animal_talisman,動物型護符與獸形法物,簡潔黑狐圖標,assets/svg/15_wafo_simple_icon/wafo-15-simple-077.svg,assets/svg/15_wafo_simple_icon_gold/wafo-15-simple-077.svg,assets/png512/15_wafo_simple_icon/wafo-15-simple-077.png,assets/png512/15_wafo_simple_icon_gold/wafo-15-simple-077.png,wafo-simple-icon--077,https://bertwang.github.io/wafo-assets/assets/svg/15_wafo_simple_icon/wafo-15-simple-077.svg,https://bertwang.github.io/wafo-assets/assets/png512/15_wafo_simple_icon_gold/wafo-15-simple-077.png,B_limited
wafo-15-simple-078,15_wafo_simple_icon,animal_talisman,動物型護符與獸形法物,簡約對稱的鱷魚圖案,assets/svg/15_wafo_simple_icon/wafo-15-simple-078.svg,assets/svg/15_wafo_simple_icon_gold/wafo-15-simple-078.svg,assets/png512/15_wafo_simple_icon/wafo-15-simple-078.png,assets/png512/15_wafo_simple_icon_gold/wafo-15-simple-078.png,wafo-simple-icon--078,https://bertwang.github.io/wafo-assets/assets/svg/15_wafo_simple_icon/wafo-15-simple-078.svg,https://bertwang.github.io/wafo-assets/assets/png512/15_wafo_simple_icon_gold/wafo-15-simple-078.png,B_limited
wafo-15-simple-079,15_wafo_simple_icon,animal_talisman,動物型護符與獸形法物,簡約線條風格牛圖示,assets/svg/15_wafo_simple_icon/wafo-15-simple-079.svg,assets/svg/15_wafo_simple_icon_gold/wafo-15-simple-079.svg,assets/png512/15_wafo_simple_icon/wafo-15-simple-079.png,assets/png512/15_wafo_simple_icon_gold/wafo-15-simple-079.png,wafo-simple-icon--079,https://bertwang.github.io/wafo-assets/assets/svg/15_wafo_simple_icon/wafo-15-simple-079.svg,https://bertwang.github.io/wafo-assets/assets/png512/15_wafo_simple_icon_gold/wafo-15-simple-079.png,B_limited
wafo-15-simple-080,15_wafo_simple_icon,animal_talisman,動物型護符與獸形法物,簡約魚形吊飾圖示,assets/svg/15_wafo_simple_icon/wafo-15-simple-080.svg,assets/svg/15_wafo_simple_icon_gold/wafo-15-simple-080.svg,assets/png512/15_wafo_simple_icon/wafo-15-simple-080.png,assets/png512/15_wafo_simple_icon_gold/wafo-15-simple-080.png,wafo-simple-icon--080,https://bertwang.github.io/wafo-assets/assets/svg/15_wafo_simple_icon/wafo-15-simple-080.svg,https://bertwang.github.io/wafo-assets/assets/png512/15_wafo_simple_icon_gold/wafo-15-simple-080.png,B_limited
wafo-15-simple-081,15_wafo_simple_icon,animal_talisman,動物型護符與獸形法物,簡約鳥形吊飾插畫,assets/svg/15_wafo_simple_icon/wafo-15-simple-081.svg,assets/svg/15_wafo_simple_icon_gold/wafo-15-simple-081.svg,assets/png512/15_wafo_simple_icon/wafo-15-simple-081.png,assets/png512/15_wafo_simple_icon_gold/wafo-15-simple-081.png,wafo-simple-icon--081,https://bertwang.github.io/wafo-assets/assets/svg/15_wafo_simple_icon/wafo-15-simple-081.svg,https://bertwang.github.io/wafo-assets/assets/png512/15_wafo_simple_icon_gold/wafo-15-simple-081.png,B_limited
wafo-15-simple-082,15_wafo_simple_icon,animal_talisman,動物型護符與獸形法物,老虎圖騰設計,assets/svg/15_wafo_simple_icon/wafo-15-simple-082.svg,assets/svg/15_wafo_simple_icon_gold/wafo-15-simple-082.svg,assets/png512/15_wafo_simple_icon/wafo-15-simple-082.png,assets/png512/15_wafo_simple_icon_gold/wafo-15-simple-082.png,wafo-simple-icon--082,https://bertwang.github.io/wafo-assets/assets/svg/15_wafo_simple_icon/wafo-15-simple-082.svg,https://bertwang.github.io/wafo-assets/assets/png512/15_wafo_simple_icon_gold/wafo-15-simple-082.png,B_limited
wafo-15-simple-083,15_wafo_simple_icon,animal_talisman,動物型護符與獸形法物,虎牙吊飾線條插圖,assets/svg/15_wafo_simple_icon/wafo-15-simple-083.svg,assets/svg/15_wafo_simple_icon_gold/wafo-15-simple-083.svg,assets/png512/15_wafo_simple_icon/wafo-15-simple-083.png,assets/png512/15_wafo_simple_icon_gold/wafo-15-simple-083.png,wafo-simple-icon--083,https://bertwang.github.io/wafo-assets/assets/svg/15_wafo_simple_icon/wafo-15-simple-083.svg,https://bertwang.github.io/wafo-assets/assets/png512/15_wafo_simple_icon_gold/wafo-15-simple-083.png,B_limited
wafo-15-simple-084,15_wafo_simple_icon,animal_talisman,動物型護符與獸形法物,蛇形吊墜徽章設計,assets/svg/15_wafo_simple_icon/wafo-15-simple-084.svg,assets/svg/15_wafo_simple_icon_gold/wafo-15-simple-084.svg,assets/png512/15_wafo_simple_icon/wafo-15-simple-084.png,assets/png512/15_wafo_simple_icon_gold/wafo-15-simple-084.png,wafo-simple-icon--084,https://bertwang.github.io/wafo-assets/assets/svg/15_wafo_simple_icon/wafo-15-simple-084.svg,https://bertwang.github.io/wafo-assets/assets/png512/15_wafo_simple_icon_gold/wafo-15-simple-084.png,B_limited
wafo-15-simple-085,15_wafo_simple_icon,animal_talisman,動物型護符與獸形法物,蜥蜴圖像輪廓,assets/svg/15_wafo_simple_icon/wafo-15-simple-085.svg,assets/svg/15_wafo_simple_icon_gold/wafo-15-simple-085.svg,assets/png512/15_wafo_simple_icon/wafo-15-simple-085.png,assets/png512/15_wafo_simple_icon_gold/wafo-15-simple-085.png,wafo-simple-icon--085,https://bertwang.github.io/wafo-assets/assets/svg/15_wafo_simple_icon/wafo-15-simple-085.svg,https://bertwang.github.io/wafo-assets/assets/png512/15_wafo_simple_icon_gold/wafo-15-simple-085.png,B_limited
wafo-15-simple-086,15_wafo_simple_icon,animal_talisman,動物型護符與獸形法物,貝殼吊墜線條圖示,assets/svg/15_wafo_simple_icon/wafo-15-simple-086.svg,assets/svg/15_wafo_simple_icon_gold/wafo-15-simple-086.svg,assets/png512/15_wafo_simple_icon/wafo-15-simple-086.png,assets/png512/15_wafo_simple_icon_gold/wafo-15-simple-086.png,wafo-simple-icon--086,https://bertwang.github.io/wafo-assets/assets/svg/15_wafo_simple_icon/wafo-15-simple-086.svg,https://bertwang.github.io/wafo-assets/assets/png512/15_wafo_simple_icon_gold/wafo-15-simple-086.png,B_limited
wafo-15-simple-087,15_wafo_simple_icon,animal_talisman,動物型護符與獸形法物,財富龜印,assets/svg/15_wafo_simple_icon/wafo-15-simple-087.svg,assets/svg/15_wafo_simple_icon_gold/wafo-15-simple-087.svg,assets/png512/15_wafo_simple_icon/wafo-15-simple-087.png,assets/png512/15_wafo_simple_icon_gold/wafo-15-simple-087.png,wafo-simple-icon--087,https://bertwang.github.io/wafo-assets/assets/svg/15_wafo_simple_icon/wafo-15-simple-087.svg,https://bertwang.github.io/wafo-assets/assets/png512/15_wafo_simple_icon_gold/wafo-15-simple-087.png,B_limited
wafo-15-simple-088,15_wafo_simple_icon,deity_guardian,天神護法與神祇,冥想長者的簡約線條藝術,assets/svg/15_wafo_simple_icon/wafo-15-simple-088.svg,assets/svg/15_wafo_simple_icon_gold/wafo-15-simple-088.svg,assets/png512/15_wafo_simple_icon/wafo-15-simple-088.png,assets/png512/15_wafo_simple_icon_gold/wafo-15-simple-088.png,wafo-simple-icon--088,https://bertwang.github.io/wafo-assets/assets/svg/15_wafo_simple_icon/wafo-15-simple-088.svg,https://bertwang.github.io/wafo-assets/assets/png512/15_wafo_simple_icon_gold/wafo-15-simple-088.png,A_public
wafo-15-simple-089,15_wafo_simple_icon,deity_guardian,天神護法與神祇,吞月神祇線條插畫,assets/svg/15_wafo_simple_icon/wafo-15-simple-089.svg,assets/svg/15_wafo_simple_icon_gold/wafo-15-simple-089.svg,assets/png512/15_wafo_simple_icon/wafo-15-simple-089.png,assets/png512/15_wafo_simple_icon_gold/wafo-15-simple-089.png,wafo-simple-icon--089,https://bertwang.github.io/wafo-assets/assets/svg/15_wafo_simple_icon/wafo-15-simple-089.svg,https://bertwang.github.io/wafo-assets/assets/png512/15_wafo_simple_icon_gold/wafo-15-simple-089.png,A_public
wafo-15-simple-090,15_wafo_simple_icon,deity_guardian,天神護法與神祇,四面神像的禪坐姿態,assets/svg/15_wafo_simple_icon/wafo-15-simple-090.svg,assets/svg/15_wafo_simple_icon_gold/wafo-15-simple-090.svg,assets/png512/15_wafo_simple_icon/wafo-15-simple-090.png,assets/png512/15_wafo_simple_icon_gold/wafo-15-simple-090.png,wafo-simple-icon--090,https://bertwang.github.io/wafo-assets/assets/svg/15_wafo_simple_icon/wafo-15-simple-090.svg,https://bertwang.github.io/wafo-assets/assets/png512/15_wafo_simple_icon_gold/wafo-15-simple-090.png,A_public
wafo-15-simple-091,15_wafo_simple_icon,deity_guardian,天神護法與神祇,泰國守護神線條插畫,assets/svg/15_wafo_simple_icon/wafo-15-simple-091.svg,assets/svg/15_wafo_simple_icon_gold/wafo-15-simple-091.svg,assets/png512/15_wafo_simple_icon/wafo-15-simple-091.png,assets/png512/15_wafo_simple_icon_gold/wafo-15-simple-091.png,wafo-simple-icon--091,https://bertwang.github.io/wafo-assets/assets/svg/15_wafo_simple_icon/wafo-15-simple-091.svg,https://bertwang.github.io/wafo-assets/assets/png512/15_wafo_simple_icon_gold/wafo-15-simple-091.png,A_public
wafo-15-simple-092,15_wafo_simple_icon,deity_guardian,天神護法與神祇,泰式女神線條插畫,assets/svg/15_wafo_simple_icon/wafo-15-simple-092.svg,assets/svg/15_wafo_simple_icon_gold/wafo-15-simple-092.svg,assets/png512/15_wafo_simple_icon/wafo-15-simple-092.png,assets/png512/15_wafo_simple_icon_gold/wafo-15-simple-092.png,wafo-simple-icon--092,https://bertwang.github.io/wafo-assets/assets/svg/15_wafo_simple_icon/wafo-15-simple-092.svg,https://bertwang.github.io/wafo-assets/assets/png512/15_wafo_simple_icon_gold/wafo-15-simple-092.png,A_public
wafo-15-simple-093,15_wafo_simple_icon,deity_guardian,天神護法與神祇,泰式神祇守護面具,assets/svg/15_wafo_simple_icon/wafo-15-simple-093.svg,assets/svg/15_wafo_simple_icon_gold/wafo-15-simple-093.svg,assets/png512/15_wafo_simple_icon/wafo-15-simple-093.png,assets/png512/15_wafo_simple_icon_gold/wafo-15-simple-093.png,wafo-simple-icon--093,https://bertwang.github.io/wafo-assets/assets/svg/15_wafo_simple_icon/wafo-15-simple-093.svg,https://bertwang.github.io/wafo-assets/assets/png512/15_wafo_simple_icon_gold/wafo-15-simple-093.png,A_public
wafo-15-simple-094,15_wafo_simple_icon,deity_guardian,天神護法與神祇,泰式神祇的靜謐姿態,assets/svg/15_wafo_simple_icon/wafo-15-simple-094.svg,assets/svg/15_wafo_simple_icon_gold/wafo-15-simple-094.svg,assets/png512/15_wafo_simple_icon/wafo-15-simple-094.png,assets/png512/15_wafo_simple_icon_gold/wafo-15-simple-094.png,wafo-simple-icon--094,https://bertwang.github.io/wafo-assets/assets/svg/15_wafo_simple_icon/wafo-15-simple-094.svg,https://bertwang.github.io/wafo-assets/assets/png512/15_wafo_simple_icon_gold/wafo-15-simple-094.png,A_public
wafo-15-simple-095,15_wafo_simple_icon,deity_guardian,天神護法與神祇,神猴戰士圖像,assets/svg/15_wafo_simple_icon/wafo-15-simple-095.svg,assets/svg/15_wafo_simple_icon_gold/wafo-15-simple-095.svg,assets/png512/15_wafo_simple_icon/wafo-15-simple-095.png,assets/png512/15_wafo_simple_icon_gold/wafo-15-simple-095.png,wafo-simple-icon--095,https://bertwang.github.io/wafo-assets/assets/svg/15_wafo_simple_icon/wafo-15-simple-095.svg,https://bertwang.github.io/wafo-assets/assets/png512/15_wafo_simple_icon_gold/wafo-15-simple-095.png,A_public
wafo-15-simple-096,15_wafo_simple_icon,deity_guardian,天神護法與神祇,象頭神甘尼薩矢量圖,assets/svg/15_wafo_simple_icon/wafo-15-simple-096.svg,assets/svg/15_wafo_simple_icon_gold/wafo-15-simple-096.svg,assets/png512/15_wafo_simple_icon/wafo-15-simple-096.png,assets/png512/15_wafo_simple_icon_gold/wafo-15-simple-096.png,wafo-simple-icon--096,https://bertwang.github.io/wafo-assets/assets/svg/15_wafo_simple_icon/wafo-15-simple-096.svg,https://bertwang.github.io/wafo-assets/assets/png512/15_wafo_simple_icon_gold/wafo-15-simple-096.png,A_public
wafo-15-simple-097,15_wafo_simple_icon,deity_guardian,天神護法與神祇,象頭神甘尼許簡化插畫,assets/svg/15_wafo_simple_icon/wafo-15-simple-097.svg,assets/svg/15_wafo_simple_icon_gold/wafo-15-simple-097.svg,assets/png512/15_wafo_simple_icon/wafo-15-simple-097.png,assets/png512/15_wafo_simple_icon_gold/wafo-15-simple-097.png,wafo-simple-icon--097,https://bertwang.github.io/wafo-assets/assets/svg/15_wafo_simple_icon/wafo-15-simple-097.svg,https://bertwang.github.io/wafo-assets/assets/png512/15_wafo_simple_icon_gold/wafo-15-simple-097.png,A_public
wafo-15-simple-098,15_wafo_simple_icon,deity_guardian,天神護法與神祇,財神圖標插畫,assets/svg/15_wafo_simple_icon/wafo-15-simple-098.svg,assets/svg/15_wafo_simple_icon_gold/wafo-15-simple-098.svg,assets/png512/15_wafo_simple_icon/wafo-15-simple-098.png,assets/png512/15_wafo_simple_icon_gold/wafo-15-simple-098.png,wafo-simple-icon--098,https://bertwang.github.io/wafo-assets/assets/svg/15_wafo_simple_icon/wafo-15-simple-098.svg,https://bertwang.github.io/wafo-assets/assets/png512/15_wafo_simple_icon_gold/wafo-15-simple-098.png,A_public
